Bairro,Tipo,Link,Aluguel Cheio,Aluguel com Bonificação,Condomínio,Total / Mês,Dormitórios,Banheiros,Garagens,IPTU,Suítes
Centro,Apartamento,https://www.cardinali.com.br/alugar/Sao-Carlos/Apartamento/Padrao/Centro/240753,"3.820,00","3.056,00","295,00",3351.0,2.0,1,1,,
Cidade Jardim,Apartamento,https://www.cardinali.com.br/alugar/Sao-Carlos/Apartamento/Padrao/Cidade-Jardim/240732,"1.437,50","1.150,00","300,00",1450.0,1.0,1,1,,
Jardim Paraiso,Apartamento,https://www.cardinali.com.br/alugar/Sao-Carlos/Apartamento/Kitchnet/Jardim-Paraiso/240703,"1.528,75","1.223,00",,1309.0,1.0,1,2,"86,00",
Jardim Paraiso,Apartamento,https://www.cardinali.com.br/alugar/Sao-Carlos/Apartamento/Kitchnet/Jardim-Paraiso/240702,"1.400,00","1.120,00",,1206.0,1.0,1,2,"86,00",
Jardim Santa Paula,Apartamento,https://www.cardinali.com.br/alugar/Sao-Carlos/Apartamento/Padrao/Jardim-Santa-Paula/240691,"1.945,00","1.556,00","350,00",1996.0,2.0,1,1,"90,00",
Jardim Lutfalla,Apartamento,https://www.cardinali.com.br/alugar/Sao-Carlos/Apartamento/Padrao/Jardim-Lutfalla/240686,"2.083,75","1.667,00","350,00",2017.0,1.0,1,1,,
Jardim Paraiso,Casa,https://www.cardinali.com.br/comprar/Sao-Carlos/Casa/Padrao/Jardim-Paraiso/240614,"2.778,75","2.223,00",,2336.59,3.0,1,1,"113,59",
Vila Monteiro Gleba I,Casa,https://www.cardinali.com.br/alugar/Sao-Carlos/Casa/Padrao/Vila-Monteiro-Gleba-I/240588,"1.667,50","1.334,00",,1384.0,1.0,1,,"50,00",
Parque Santa Monica,Apartamento,https://www.cardinali.com.br/comprar/Sao-Carlos/Apartamento/Padrao/Parque-Santa-Monica/240579,"2.500,00","2.000,00","463,90",2543.9,2.0,1,1,"80,00",
Centro,Apartamento,https://www.cardinali.com.br/alugar/Sao-Carlos/Apartamento/Padrao/Centro/240550,"3.472,50","2.778,00","1.370,00",4453.0,3.0,1,1,"305,00",
Parque Santa Monica,Apartamento,https://www.cardinali.com.br/alugar/Sao-Carlos/Apartamento/Padrao/Parque-Santa-Monica/240531,"2.361,25","1.889,00","480,86",2455.69,3.0,1,1,"85,83",
Parque Santa Monica,Apartamento,https://www.cardinali.com.br/alugar/Sao-Carlos/Apartamento/Padrao/Parque-Santa-Monica/240530,"2.361,25","1.889,00","480,86",2455.69,3.0,1,1,"85,83",
Parque Santa Monica,Apartamento,https://www.cardinali.com.br/alugar/Sao-Carlos/Apartamento/Padrao/Parque-Santa-Monica/240529,"2.361,25","1.889,00","480,86",2455.69,3.0,1,1,"85,83",
Centro,Apartamento,https://www.cardinali.com.br/alugar/Sao-Carlos/Apartamento/Padrao/Centro/240374,"4.167,50","3.334,00","600,00",4108.0,3.0,1,3,"174,00",
Centro,Casa,https://www.cardinali.com.br/alugar/Sao-Carlos/Casa/Padrao/Centro/240369,"6.250,00","5.000,00",,5210.0,3.0,2,3,"210,00",
Cidade Jardim,Apartamento,https://www.cardinali.com.br/alugar/Sao-Carlos/Apartamento/Padrao/Cidade-Jardim/240343,"1.667,50","1.334,00","220,00",1594.0,2.0,1,1,"40,00",
Centro,Apartamento,https://www.cardinali.com.br/alugar/Sao-Carlos/Apartamento/Padrao/Centro/240285,"3.195,00","2.556,00","280,00",2896.0,1.0,1,1,"60,00",
Centro,Apartamento,https://www.cardinali.com.br/alugar/Sao-Carlos/Apartamento/Padrao/Centro/240284,"3.195,00","2.556,00","280,00",2896.0,1.0,1,1,"60,00",
Jardim Hikare,Apartamento,https://www.cardinali.com.br/alugar/Sao-Carlos/Apartamento/Padrao/Jardim-Hikare/240280,"1.597,50","1.278,00","352,35",1693.35,2.0,1,1,"63,00",
Centro,Casa,https://www.cardinali.com.br/alugar/Sao-Carlos/Casa/Padrao/Centro/240217,"4.900,00",,,4900.0,8.0,3,3,,
Centro,Apartamento,https://www.cardinali.com.br/alugar/Sao-Carlos/Apartamento/Padrao/Centro/240210,"4.167,50","3.334,00","280,00",3674.0,1.0,1,,"60,00",
Centro,Apartamento,https://www.cardinali.com.br/comprar/Sao-Carlos/Apartamento/Padrao/Centro/240201,"4.445,00","3.556,00","903,00",4696.37,2.0,1,1,"237,37",
Jardim Lutfalla,Apartamento,https://www.cardinali.com.br/alugar/Sao-Carlos/Apartamento/Padrao/Jardim-Lutfalla/240190,"1.875,00","1.500,00","100,00",1632.13,1.0,1,,"32,13",
Centro,Apartamento,https://www.cardinali.com.br/alugar/Sao-Carlos/Apartamento/Padrao/Centro/240172,"2.250,00","1.800,00","800,00",2730.0,3.0,1,1,"130,00",
Vila Monteiro Gleba I,Casa,https://www.cardinali.com.br/alugar/Sao-Carlos/Casa/Padrao/Vila-Monteiro-Gleba-I/240102,"4.167,50","3.334,00",,3577.82,3.0,3,1,"243,82",
Centro,Apartamento,https://www.cardinali.com.br/alugar/Sao-Carlos/Apartamento/Padrao/Centro/240074,"4.445,00","3.556,00","586,00",4272.0,3.0,2,2,"130,00",
Centro,Apartamento,https://www.cardinali.com.br/alugar/Sao-Carlos/Apartamento/Padrao/Centro/240073,"4.861,25","3.889,00","500,00",4479.0,3.0,1,2,"90,00",
Centro,Apartamento,https://www.cardinali.com.br/comprar/Sao-Carlos/Apartamento/Padrao/Centro/240060,"4.167,50","3.334,00","300,00",3859.9,2.0,1,1,"225,90",
Centro,Apartamento,https://www.cardinali.com.br/alugar/Sao-Carlos/Apartamento/Padrao/Centro/240020,"1.111,25","889,00","880,00",1847.0,1.0,1,1,"78,00",
Parque Industrial,Casa,https://www.cardinali.com.br/alugar/Sao-Carlos/Casa/Padrao/Parque-Industrial/240009,"2.292,50","1.834,00",,1834.0,2.0,1,2,,
Centro,Apartamento,https://www.cardinali.com.br/alugar/Sao-Carlos/Apartamento/Padrao/Centro/239991,"3.125,00","2.500,00","160,00",2660.0,2.0,1,1,,
Centro,Apartamento,https://www.cardinali.com.br/alugar/Sao-Carlos/Apartamento/Padrao/Centro/239990,"3.125,00","2.500,00","160,00",2660.0,2.0,1,1,,
Centro,Apartamento,https://www.cardinali.com.br/alugar/Sao-Carlos/Apartamento/Padrao/Centro/239989,"3.125,00","2.500,00","160,00",2660.0,2.0,1,1,,
Centro,Apartamento,https://www.cardinali.com.br/alugar/Sao-Carlos/Apartamento/Padrao/Centro/239988,"3.125,00","2.500,00","160,00",2660.0,2.0,1,1,,
Centro,Apartamento,https://www.cardinali.com.br/alugar/Sao-Carlos/Apartamento/Padrao/Centro/239987,"3.125,00","2.500,00","160,00",2660.0,2.0,1,1,,
Jardim Lutfalla,Apartamento,https://www.cardinali.com.br/alugar/Sao-Carlos/Apartamento/Padrao/Jardim-Lutfalla/239972,"3.125,00","2.500,00","213,58",2748.71,1.0,1,,"35,13",
Jardim Lutfalla,Apartamento,https://www.cardinali.com.br/alugar/Sao-Carlos/Apartamento/Padrao/Jardim-Lutfalla/239880,"1.806,25","1.445,00","230,00",1725.0,2.0,1,,"50,00",
Jardim Paraiso,Apartamento,https://www.cardinali.com.br/alugar/Sao-Carlos/Apartamento/Padrao/Jardim-Paraiso/239775,"2.500,00","2.000,00","517,37",2604.37,2.0,1,1,"87,00",
Cidade Jardim,Apartamento,https://www.cardinali.com.br/alugar/Sao-Carlos/Apartamento/Padrao/Cidade-Jardim/239747,"1.830,00","1.464,00","363,00",1947.0,2.0,1,1,"120,00",
Jardim Jockei Club A,Apartamento,https://www.cardinali.com.br/alugar/Sao-Carlos/Apartamento/Padrao/Jardim-Jockei-Club-A/239740,"2.222,50","1.778,00","347,00",2142.11,2.0,1,1,"17,11",
Parque Espraiado,Casa,https://www.cardinali.com.br/alugar/Sao-Carlos/Casa/Condominio/Parque-Espraiado/239709,"5.000,00","4.000,00","420,00",4512.5,2.0,1,2,"92,50",
Centro,Apartamento,https://www.cardinali.com.br/alugar/Sao-Carlos/Apartamento/Padrao/Centro/239696,"1.041,25","833,00","890,00",1801.0,1.0,1,1,"78,00",
Jardim Macarengo,Apartamento,https://www.cardinali.com.br/alugar/Sao-Carlos/Apartamento/Padrao/Jardim-Macarengo/239639,"1.875,00","1.500,00","100,00",1617.68,1.0,1,,"17,68",
Jardim Macarengo,Apartamento,https://www.cardinali.com.br/alugar/Sao-Carlos/Apartamento/Padrao/Jardim-Macarengo/239638,"1.875,00","1.500,00","100,00",1617.68,1.0,1,,"17,68",
Centro,Casa,https://www.cardinali.com.br/alugar/Sao-Carlos/Casa/Padrao/Centro/239517,"8.333,75","6.667,00",,7093.0,9.0,3,2,"426,00",
Jardim Jockei Club A,Apartamento,https://www.cardinali.com.br/alugar/Sao-Carlos/Apartamento/Padrao/Jardim-Jockei-Club-A/239494,"1.390,00","1.112,00","312,37",1424.37,2.0,1,1,,
Centro,Apartamento,https://www.cardinali.com.br/alugar/Sao-Carlos/Apartamento/Padrao/Centro/239486,"3.750,00","3.000,00","300,00",3300.0,2.0,1,1,,
Centro,Apartamento,https://www.cardinali.com.br/alugar/Sao-Carlos/Apartamento/Padrao/Centro/239485,"3.750,00","3.000,00","300,00",3300.0,2.0,1,1,,
Centro,Apartamento,https://www.cardinali.com.br/alugar/Sao-Carlos/Apartamento/Padrao/Centro/239484,"3.750,00","3.000,00","300,00",3300.0,2.0,1,1,,
Parque Arnold Schimidt,Casa,https://www.cardinali.com.br/alugar/Sao-Carlos/Casa/Padrao/Parque-Arnold-Schimidt/239457,"3.611,25","2.889,00",,2949.0,3.0,1,1,"60,00",
Jardim Alvorada,Apartamento,https://www.cardinali.com.br/comprar/Sao-Carlos/Apartamento/Padrao/Jardim-Alvorada/239406,"2.250,00","1.800,00","270,00",2110.0,2.0,1,1,"40,00",
Jardim Macarengo,Apartamento,https://www.cardinali.com.br/alugar/Sao-Carlos/Apartamento/Padrao/Jardim-Macarengo/239208,"2.917,50","2.334,00","350,00",2792.73,2.0,1,1,"108,73",
Jardim Paraiso,Apartamento,https://www.cardinali.com.br/alugar/Sao-Carlos/Apartamento/Padrao/Jardim-Paraiso/239120,"1.087,50","870,00",,923.34,1.0,1,,"53,34",
Jardim Santa Paula,Apartamento,https://www.cardinali.com.br/alugar/Sao-Carlos/Apartamento/Padrao/Jardim-Santa-Paula/239116,"4.000,00","3.200,00","400,00",3600.0,3.0,1,2,,
Cidade Jardim,Apartamento,https://www.cardinali.com.br/alugar/Sao-Carlos/Apartamento/Padrao/Cidade-Jardim/239061,"2.083,75","1.667,00","431,00",2187.0,2.0,1,2,"89,00",
Jardim Santa Paula,Apartamento,https://www.cardinali.com.br/alugar/Sao-Carlos/Apartamento/Padrao/Jardim-Santa-Paula/239047,"2.083,75","1.667,00","317,56",2075.35,2.0,1,1,"90,79",
Centro,Apartamento,https://www.cardinali.com.br/alugar/Sao-Carlos/Apartamento/Apartamento-sem-condominio/Centro/239041,"2.778,75","2.223,00",,2223.0,1.0,1,,,
Centro,Apartamento,https://www.cardinali.com.br/alugar/Sao-Carlos/Apartamento/Apartamento-sem-condominio/Centro/239040,"2.778,75","2.223,00",,2223.0,1.0,1,,,
Centro,Apartamento,https://www.cardinali.com.br/alugar/Sao-Carlos/Apartamento/Padrao/Centro/239030,"2.083,75","1.667,00","349,77",2222.77,2.0,1,1,"206,00",
Jardim Santa Paula,Apartamento,https://www.cardinali.com.br/alugar/Sao-Carlos/Apartamento/Padrao/Jardim-Santa-Paula/239018,"4.000,00","3.200,00","600,00",3800.0,3.0,1,3,,
Jardim Santa Paula,Apartamento,https://www.cardinali.com.br/alugar/Sao-Carlos/Apartamento/Padrao/Jardim-Santa-Paula/239017,"4.000,00","3.200,00","600,00",3800.0,3.0,1,2,,
Parque Arnold Schimidt,Apartamento,https://www.cardinali.com.br/comprar/Sao-Carlos/Apartamento/Padrao/Parque-Arnold-Schimidt/238974,"1.528,75","1.223,00","300,00",1579.57,1.0,1,1,"56,57",
Jardim Jockey Clube,Casa,https://www.cardinali.com.br/alugar/Sao-Carlos/Casa/Sobrado/Jardim-Jockey-Clube/238953,"2.361,25","1.889,00",,1889.0,2.0,1,,,
Cidade Jardim,Apartamento,https://www.cardinali.com.br/alugar/Sao-Carlos/Apartamento/Kitchnet/Cidade-Jardim/238896,"1.181,25","945,00",,945.0,1.0,1,,,
Jardim Jockei Club A,Apartamento,https://www.cardinali.com.br/comprar/Sao-Carlos/Apartamento/Padrao/Jardim-Jockei-Club-A/238892,"1.657,00",,,1657.0,2.0,1,1,,
Vila Monteiro Gleba I,Casa,https://www.cardinali.com.br/alugar/Sao-Carlos/Casa/Padrao/Vila-Monteiro-Gleba-I/238873,"3.472,50","2.778,00",,2889.35,2.0,1,6,"111,35",
Centro,Apartamento,https://www.cardinali.com.br/alugar/Sao-Carlos/Apartamento/Padrao/Centro/238870,"3.472,50","2.778,00","364,11",3239.11,2.0,1,1,"97,00",
Jardim Paraiso,Apartamento,https://www.cardinali.com.br/alugar/Sao-Carlos/Apartamento/Padrao/Jardim-Paraiso/238699,"4.562,50","3.650,00","500,00",4430.0,2.0,1,2,"280,00",
Jardim Santa Paula,Apartamento,https://www.cardinali.com.br/comprar/Sao-Carlos/Apartamento/Padrao/Jardim-Santa-Paula/238508,"4.000,00","3.200,00","600,00",3800.0,2.0,1,1,,
Centro,Apartamento,https://www.cardinali.com.br/alugar/Sao-Carlos/Apartamento/Padrao/Centro/238498,"3.562,50","2.850,00","295,00",3145.0,2.0,1,2,,
Centro,Apartamento,https://www.cardinali.com.br/alugar/Sao-Carlos/Apartamento/Padrao/Centro/238497,"3.562,50","2.850,00","295,00",3145.0,2.0,1,2,,
Centro,Casa,https://www.cardinali.com.br/alugar/Sao-Carlos/Casa/Sobrado/Centro/238445,"3.056,25","2.445,00",,2822.04,3.0,1,,"377,04",
Jardim Jockei Club A,Apartamento,https://www.cardinali.com.br/alugar/Sao-Carlos/Apartamento/Padrao/Jardim-Jockei-Club-A/238438,"2.875,00","2.300,00",,2300.0,2.0,1,1,,
Jardim Bandeirantes,Casa,https://www.cardinali.com.br/comprar/Sao-Carlos/Casa/Padrao/Jardim-Bandeirantes/238284,"4.167,50","3.334,00",,3422.0,3.0,2,3,"88,00",
Jardim Hikari,Casa,https://www.cardinali.com.br/alugar/Sao-Carlos/Casa/Padrao/Jardim-Hikari/238081,"2.153,75","1.723,00",,1833.0,2.0,1,1,"110,00",
Vila Monteiro Gleba I,Apartamento,https://www.cardinali.com.br/alugar/Sao-Carlos/Apartamento/Padrao/Vila-Monteiro-Gleba-I/238063,"2.500,00","2.000,00","660,00",2792.85,3.0,2,2,"132,85",
Jardim Jockei Club A,Apartamento,https://www.cardinali.com.br/alugar/Sao-Carlos/Apartamento/Padrao/Jardim-Jockei-Club-A/237974,"1.806,25","1.445,00","300,00",1762.0,2.0,1,1,"17,00",
Centro,Apartamento,https://www.cardinali.com.br/comprar/Sao-Carlos/Apartamento/Padrao/Centro/237900,"3.750,00","3.000,00","420,02",3534.67,2.0,1,2,"114,65",
Jardim Macarengo,Casa,https://www.cardinali.com.br/comprar/Sao-Carlos/Casa/Padrao/Jardim-Macarengo/237884,"5.556,25","4.445,00",,4656.0,3.0,1,4,"211,00",
Vila Marina,Casa,https://www.cardinali.com.br/alugar/Sao-Carlos/Casa/Padrao/Vila-Marina/237868,"4.722,50","3.778,00",,3908.0,5.0,3,2,"130,00",
Cidade Jardim,Apartamento,https://www.cardinali.com.br/alugar/Sao-Carlos/Apartamento/Padrao/Cidade-Jardim/237812,"2.437,50","1.950,00","218,25",2168.25,2.0,1,1,,
Centro,Casa,https://www.cardinali.com.br/alugar/Sao-Carlos/Casa/Padrao/Centro/237695,"2.500,00","2.000,00",,2095.5,2.0,1,,"95,50",
Jardim Jockei Club A,Apartamento,https://www.cardinali.com.br/alugar/Sao-Carlos/Apartamento/Padrao/Jardim-Jockei-Club-A/237597,"1.528,75","1.223,00","311,00",1601.0,2.0,1,1,"67,00",
Centro,Casa,https://www.cardinali.com.br/alugar/Sao-Carlos/Casa/Padrao/Centro/237595,"1.850,00",,,1932.13,3.0,1,2,"82,13",
Vila Monteiro Gleba I,Casa,https://www.cardinali.com.br/comprar/Sao-Carlos/Casa/Padrao/Vila-Monteiro-Gleba-I/237531,"5.000,00","4.000,00",,4189.93,3.0,2,4,"189,93",
Centro,Apartamento,https://www.cardinali.com.br/alugar/Sao-Carlos/Apartamento/Padrao/Centro/237461,"1.875,00","1.500,00","465,00",2072.0,3.0,1,1,"107,00",
Parque Santa Monica,Apartamento,https://www.cardinali.com.br/alugar/Sao-Carlos/Apartamento/Apartamento/Parque-Santa-Monica/237328,"2.222,50","1.778,00",,1778.0,2.0,,2,,
Jardim Paraiso,Apartamento,https://www.cardinali.com.br/alugar/Sao-Carlos/Apartamento/Padrao/Jardim-Paraiso/237319,"1.875,00","1.500,00","245,86",1788.45,1.0,1,1,"42,59",
Centro,Apartamento,https://www.cardinali.com.br/alugar/Sao-Carlos/Apartamento/Padrao/Centro/237067,"3.625,00","2.900,00","430,00",3330.0,2.0,1,2,,
Centro,Apartamento,https://www.cardinali.com.br/alugar/Sao-Carlos/Apartamento/Padrao/Centro/237047,"3.195,00","2.556,00","710,00",3377.21,2.0,1,2,"111,21",
Centro,Apartamento,https://www.cardinali.com.br/alugar/Sao-Carlos/Apartamento/Padrao/Centro/237012,"2.640,00","2.112,00","297,00",2465.0,1.0,1,1,"56,00",
Centro,Apartamento,https://www.cardinali.com.br/comprar/Sao-Carlos/Apartamento/Padrao/Centro/236993,"3.125,00","2.500,00","600,00",3158.0,3.0,1,1,"58,00",
Centro,Apartamento,https://www.cardinali.com.br/alugar/Sao-Carlos/Apartamento/Padrao/Centro/236932,"4.875,00","3.900,00","480,00",4380.0,3.0,1,2,,
Cidade Jardim,Apartamento,https://www.cardinali.com.br/alugar/Sao-Carlos/Apartamento/Padrao/Cidade-Jardim/236830,"2.778,75","2.223,00","220,00",2443.0,2.0,1,1,,
Cidade Jardim,Apartamento,https://www.cardinali.com.br/alugar/Sao-Carlos/Apartamento/Padrao/Cidade-Jardim/236829,"2.778,75","2.223,00","220,00",2443.0,2.0,1,1,,
Jardim Bandeirantes,Casa,https://www.cardinali.com.br/alugar/Sao-Carlos/Casa/Padrao/Jardim-Bandeirantes/236736,"6.945,00","5.556,00",,5821.0,5.0,3,2,"265,00",3
Jardim Alvorada,Apartamento,https://www.cardinali.com.br/alugar/Sao-Carlos/Apartamento/Padrao/Jardim-Alvorada/236512,"2.500,00","2.000,00","297,34",2407.34,2.0,1,1,"110,00",
Jardim Macarengo,Casa,https://www.cardinali.com.br/alugar/Sao-Carlos/Casa/Padrao/Jardim-Macarengo/236467,"5.500,00","4.400,00",,4400.0,3.0,2,2,,
Centro,Casa,https://www.cardinali.com.br/alugar/Sao-Carlos/Casa/Padrao/Centro/236457,"4.861,25","3.889,00",,4221.0,3.0,1,3,"332,00",
Jardim Macarengo,Casa,https://www.cardinali.com.br/alugar/Sao-Carlos/Casa/Padrao/Jardim-Macarengo/236343,"3.472,50","2.778,00",,2928.0,1.0,1,2,"150,00",
Vila Monteiro Gleba I,Casa,https://www.cardinali.com.br/alugar/Sao-Carlos/Casa/Padrao/Vila-Monteiro-Gleba-I/236320,"8.333,75","6.667,00",,7020.39,3.0,3,3,"353,39",
Cidade Jardim,Apartamento,https://www.cardinali.com.br/alugar/Sao-Carlos/Apartamento/Apartamento-sem-condominio/Cidade-Jardim/236171,"2.375,00","1.900,00","220,00",2120.0,2.0,1,1,,
Jardim Alvorada,Apartamento,https://www.cardinali.com.br/alugar/Sao-Carlos/Apartamento/Padrao/Jardim-Alvorada/236132,"1.528,75","1.223,00","115,87",1440.87,1.0,1,,"102,00",
Parque Santa Monica,Apartamento,https://www.cardinali.com.br/comprar/Sao-Carlos/Apartamento/Padrao/Parque-Santa-Monica/236084,"1.937,50","1.550,00","445,00",2080.0,3.0,1,2,"85,00",
Jardim Hikari,Casa,https://www.cardinali.com.br/alugar/Sao-Carlos/Casa/Padrao/Jardim-Hikari/236026,"5.625,00","4.500,00",,4611.0,3.0,1,2,"111,00",
Parque Arnold Schimidt,Apartamento,https://www.cardinali.com.br/alugar/Sao-Carlos/Apartamento/Padrao/Parque-Arnold-Schimidt/235850,"1.667,50","1.334,00","400,00",1786.0,2.0,1,1,"52,00",
Centro,Apartamento,https://www.cardinali.com.br/comprar/Sao-Carlos/Apartamento/Padrao/Centro/235803,"5.000,00","4.000,00","500,00",4682.0,3.0,1,2,"182,00",
Jardim Lutfalla,Casa,https://www.cardinali.com.br/comprar/Sao-Carlos/Casa/Padrao/Jardim-Lutfalla/235649,"2.750,00","2.200,00",,2288.11,2.0,1,3,"88,11",
Cidade Jardim,Apartamento,https://www.cardinali.com.br/comprar/Sao-Carlos/Apartamento/Padrao/Cidade-Jardim/235123,"2.083,75","1.667,00","280,00",2043.67,2.0,1,1,"96,67",
Jardim Santa Paula,Casa,https://www.cardinali.com.br/comprar/Sao-Carlos/Casa/Padrao/Jardim-Santa-Paula/235080,"6.250,00","5.000,00",,5193.0,3.0,1,4,"193,00",
Centro,Apartamento,https://www.cardinali.com.br/comprar/Sao-Carlos/Apartamento/Padrao/Centro/235027,"5.556,25","4.445,00","1.670,00",6520.0,3.0,1,2,"405,00",3
Jardim Nova Santa Paula,Apartamento,https://www.cardinali.com.br/comprar/Sao-Carlos/Apartamento/Padrao/Jardim-Nova-Santa-Paula/234932,"1.667,50","1.334,00","230,00",1624.0,1.0,1,,"60,00",
Centro,Casa,https://www.cardinali.com.br/alugar/Sao-Carlos/Casa/Sobrado/Centro/234789,"2.312,50","1.850,00",,1850.0,2.0,2,,,
Jardim Santa Paula,Casa,https://www.cardinali.com.br/alugar/Sao-Carlos/Casa/Padrao/Jardim-Santa-Paula/234715,"5.556,25","4.445,00",,4445.0,5.0,3,3,,
Parque Delta,Casa,https://www.cardinali.com.br/alugar/Sao-Carlos/Casa/Padrao/Parque-Delta/234552,"2.083,75","1.667,00",,1719.0,2.0,1,2,"52,00",
Jardim Bethania,Apartamento,https://www.cardinali.com.br/comprar/Sao-Carlos/Apartamento/Padrao/Jardim-Bethania/234509,"2.250,00","1.800,00","350,00",2227.0,2.0,2,1,"77,00",
Jardim Jockei Club A,Apartamento,https://www.cardinali.com.br/alugar/Sao-Carlos/Apartamento/Padrao/Jardim-Jockei-Club-A/234448,"1.111,25","889,00","730,00",1676.0,3.0,1,1,"57,00",
Vila Elizabeth,Casa,https://www.cardinali.com.br/alugar/Sao-Carlos/Casa/Padrao/Vila-Elizabeth/234253,"4.375,00","3.500,00",,3500.0,3.0,2,15,,
Centro,Apartamento,https://www.cardinali.com.br/alugar/Sao-Carlos/Apartamento/Apartamento-sem-condominio/Centro/234198,"2.125,00","1.700,00",,1780.0,3.0,1,,"80,00",
Centro,Casa,https://www.cardinali.com.br/comprar/Sao-Carlos/Casa/Padrao/Centro/233858,"5.556,25","4.445,00",,4965.0,1.0,3,3,"520,00",
Centro,Apartamento,https://www.cardinali.com.br/alugar/Sao-Carlos/Apartamento/Padrao/Centro/233813,"3.056,25","2.445,00","750,00",3295.0,2.0,1,1,"100,00",
Parque Santa Monica,Apartamento,https://www.cardinali.com.br/alugar/Sao-Carlos/Apartamento/Padrao/Parque-Santa-Monica/210781,"2.361,25","1.889,00","450,00",2429.0,3.0,1,2,"90,00",
Centro,Apartamento,https://www.cardinali.com.br/comprar/Sao-Carlos/Apartamento/Padrao/Centro/210638,"4.167,50","3.334,00","500,00",4016.0,3.0,1,2,"182,00",
Centro,Apartamento,https://www.cardinali.com.br/alugar/Sao-Carlos/Apartamento/Padrao/Centro/210545,"4.167,50","3.334,00",,3477.86,3.0,1,,"143,86",
Centro,Casa,https://www.cardinali.com.br/comprar/Sao-Carlos/Casa/Padrao/Centro/210489,"4.167,50","3.334,00",,3467.0,3.0,1,,"133,00",
Cidade Jardim,Apartamento,https://www.cardinali.com.br/alugar/Sao-Carlos/Apartamento/Padrao/Cidade-Jardim/210242,"3.195,00","2.556,00","423,00",2979.0,2.0,1,1,,
Vila Monteiro Gleba I,Casa,https://www.cardinali.com.br/alugar/Sao-Carlos/Casa/Padrao/Vila-Monteiro-Gleba-I/210156,"1.667,50","1.334,00",,1434.0,2.0,1,,"100,00",
Jardim Nova Santa Paula,Casa,https://www.cardinali.com.br/comprar/Sao-Carlos/Casa/Padrao/Jardim-Nova-Santa-Paula/210010,"6.250,00","5.000,00",,5377.28,5.0,4,6,"377,28",3
Centro,Apartamento,https://www.cardinali.com.br/alugar/Sao-Carlos/Apartamento/Padrao/Centro/209833,"1.958,75","1.567,00","330,00",1947.0,1.0,1,,"50,00",
Centro,Apartamento,https://www.cardinali.com.br/comprar/Sao-Carlos/Apartamento/Padrao/Centro/209684,"2.750,00","2.200,00","670,00",3046.0,3.0,1,1,"176,00",
Centro,Apartamento,https://www.cardinali.com.br/comprar/Sao-Carlos/Apartamento/Padrao/Centro/209525,"3.195,00","2.556,00","1.700,00",4586.0,3.0,1,1,"330,00",
Cidade Jardim,Apartamento,https://www.cardinali.com.br/alugar/Sao-Carlos/Apartamento/Padrao/Cidade-Jardim/209468,"2.083,75","1.667,00","470,00",2217.0,2.0,1,1,"80,00",
Jardim Hikari,Casa,https://www.cardinali.com.br/alugar/Sao-Carlos/Casa/Padrao/Jardim-Hikari/209397,"2.153,75","1.723,00",,1833.0,2.0,1,1,"110,00",
Centro,Casa,https://www.cardinali.com.br/alugar/Sao-Carlos/Casa/Padrao/Centro/209183,"7.500,00","6.000,00",,6330.0,4.0,1,3,"330,00",
Jardim Paraiso,Apartamento,https://www.cardinali.com.br/alugar/Sao-Carlos/Apartamento/Kitchnet/Jardim-Paraiso/209145,"837,50","670,00","100,00",770.0,1.0,1,,,
Centro,Apartamento,https://www.cardinali.com.br/alugar/Sao-Carlos/Apartamento/Padrao/Centro/208498,"3.537,50","2.830,00","256,52",3151.43,1.0,1,1,"64,91",
Jardim Paraiso,Apartamento,https://www.cardinali.com.br/alugar/Sao-Carlos/Apartamento/Padrao/Jardim-Paraiso/208471,"3.472,50","2.778,00","430,00",3292.76,2.0,1,1,"84,76",
Vila Monteiro Gleba I,Casa,https://www.cardinali.com.br/alugar/Sao-Carlos/Casa/Padrao/Vila-Monteiro-Gleba-I/208121,"5.556,25","4.445,00",,4925.0,3.0,1,4,"480,00",
Jardim Paulistano,Apartamento,https://www.cardinali.com.br/alugar/Sao-Carlos/Apartamento/Studio/Jardim-Paulistano/207976,"1.666,66","1.333,33",,1353.33,1.0,1,,"20,00",
Vila Elizabeth,Casa,https://www.cardinali.com.br/comprar/Sao-Carlos/Casa/Padrao/Vila-Elizabeth/207677,"4.167,50","3.334,00",,3334.0,3.0,4,1,,2
Parque Arnold Schimidt,Apartamento,https://www.cardinali.com.br/alugar/Sao-Carlos/Apartamento/Padrao/Parque-Arnold-Schimidt/207645,"2.083,75","1.667,00","270,00",1993.0,1.0,1,1,"56,00",
Cidade Jardim,Casa,https://www.cardinali.com.br/comprar/Sao-Carlos/Casa/Padrao/Cidade-Jardim/207405,"5.000,00","4.000,00",,4170.0,3.0,1,4,"170,00",
Centro,Apartamento,https://www.cardinali.com.br/alugar/Sao-Carlos/Apartamento/Padrao/Centro/207353,"3.611,25","2.889,00","496,55",3629.55,3.0,1,2,"244,00",
Centro,Casa,https://www.cardinali.com.br/alugar/Sao-Carlos/Casa/Padrao/Centro/206524,"5.556,25","4.445,00",,4670.0,4.0,4,2,"225,00",
Centro,Casa,https://www.cardinali.com.br/alugar/Sao-Carlos/Casa/Padrao/Centro/206455,"5.278,75","4.223,00",,4323.0,3.0,1,4,"100,00",
Centro,Casa,https://www.cardinali.com.br/alugar/Sao-Carlos/Casa/Padrao/Centro/206135,"9.028,75","7.223,00",,7423.0,3.0,6,2,"200,00",
Centro,Apartamento,https://www.cardinali.com.br/alugar/Sao-Carlos/Apartamento/Padrao/Centro/206078,"1.958,75","1.567,00","330,00",1947.0,1.0,1,,"50,00",
Centro,Casa,https://www.cardinali.com.br/alugar/Sao-Carlos/Casa/Padrao/Centro/206014,"3.375,00","2.700,00",,2950.0,3.0,2,2,"250,00",
Centro,Casa,https://www.cardinali.com.br/alugar/Sao-Carlos/Casa/Padrao/Centro/206010,"4.861,25","3.889,00",,3989.0,3.0,1,1,"100,00",
Centro,Apartamento,https://www.cardinali.com.br/alugar/Sao-Carlos/Apartamento/Padrao/Centro/205978,"1.111,25","889,00","890,00",1857.0,1.0,1,1,"78,00",
Centro,Apartamento,https://www.cardinali.com.br/alugar/Sao-Carlos/Apartamento/Padrao/Centro/205356,"3.195,00","2.556,00","246,98",2848.71,1.0,1,1,"45,73",
Centro,Apartamento,https://www.cardinali.com.br/comprar/Sao-Carlos/Apartamento/Padrao/Centro/205353,"2.626,25","2.101,00","558,76",2775.76,3.0,1,1,"116,00",
Cidade Jardim,Casa,https://www.cardinali.com.br/alugar/Sao-Carlos/Casa/Padrao/Cidade-Jardim/205046,"8.125,00","6.500,00",,6802.0,3.0,2,3,"302,00",2
Jardim Paraiso,Apartamento,https://www.cardinali.com.br/alugar/Sao-Carlos/Apartamento/Padrao/Jardim-Paraiso/204782,"2.237,50","1.790,00","395,00",2269.15,2.0,1,1,"84,15",
Centro,Apartamento,https://www.cardinali.com.br/alugar/Sao-Carlos/Apartamento/Padrao/Centro/204733,"2.500,00","2.000,00","570,00",2715.0,2.0,1,1,"145,00",
Jardim Paraiso,Apartamento,https://www.cardinali.com.br/alugar/Sao-Carlos/Apartamento/Padrao/Jardim-Paraiso/204692,"1.306,25","1.045,00","240,00",1353.26,1.0,1,,"68,26",
Jardim Paraiso,Apartamento,https://www.cardinali.com.br/alugar/Sao-Carlos/Apartamento/Kitchnet-sem-Condominio/Jardim-Paraiso/204308,"1.250,00","1.000,00",,1040.0,,1,,"40,00",
Centro,Casa,https://www.cardinali.com.br/comprar/Sao-Carlos/Casa/Padrao/Centro/203760,"6.250,00","5.000,00",,5550.0,3.0,1,3,"550,00",
Vila Monteiro Gleba I,Apartamento,https://www.cardinali.com.br/alugar/Sao-Carlos/Apartamento/Padrao/Vila-Monteiro-Gleba-I/203559,"2.153,75","1.723,00","500,00",2223.0,2.0,1,,,
Vila Monteiro Gleba I,Casa,https://www.cardinali.com.br/alugar/Sao-Carlos/Casa/Padrao/Vila-Monteiro-Gleba-I/203503,Consulte-nos,,,160.0,2.0,2,1,"160,00",
Parque Arnold Schimidt,Apartamento,https://www.cardinali.com.br/alugar/Sao-Carlos/Apartamento/Padrao/Parque-Arnold-Schimidt/203391,"4.306,25","3.445,00","612,00",4227.0,2.0,1,1,"170,00",
Centro,Apartamento,https://www.cardinali.com.br/comprar/Sao-Carlos/Apartamento/Padrao/Centro/203379,"2.600,00","2.080,00","232,00",2362.0,2.0,1,1,"50,00",
Jardim Lutfalla,Apartamento,https://www.cardinali.com.br/alugar/Sao-Carlos/Apartamento/Padrao/Jardim-Lutfalla/203158,"1.492,50","1.194,00","219,00",1430.0,1.0,1,1,"17,00",
Jardim Santa Paula,Apartamento,https://www.cardinali.com.br/alugar/Sao-Carlos/Apartamento/Padrao/Jardim-Santa-Paula/203058,"1.945,00","1.556,00","423,55",2064.58,2.0,1,1,"85,03",
Jardim Paraiso,Apartamento,https://www.cardinali.com.br/alugar/Sao-Carlos/Apartamento/Padrao/Jardim-Paraiso/203025,"2.917,50","2.334,00","330,00",2664.0,2.0,1,1,,
Jardim Paulistano,Apartamento,https://www.cardinali.com.br/alugar/Sao-Carlos/Apartamento/Padrao/Jardim-Paulistano/202853,"1.750,00","1.400,00","374,00",1831.0,1.0,1,1,"57,00",
Jardim Santa Paula,Apartamento,https://www.cardinali.com.br/alugar/Sao-Carlos/Apartamento/Padrao/Jardim-Santa-Paula/202841,"1.945,00","1.556,00","410,00",2042.0,1.0,1,1,"76,00",
Jardim Paraiso,Apartamento,https://www.cardinali.com.br/alugar/Sao-Carlos/Apartamento/Padrao/Jardim-Paraiso/202768,"4.375,00","3.500,00","500,00",4280.0,2.0,1,2,"280,00",
Jardim Macarengo,Apartamento,https://www.cardinali.com.br/comprar/Sao-Carlos/Apartamento/Padrao/Jardim-Macarengo/202764,"3.195,00","2.556,00","285,00",2841.0,2.0,1,1,,
Jardim Jockei Club A,Apartamento,https://www.cardinali.com.br/alugar/Sao-Carlos/Apartamento/Padrao/Jardim-Jockei-Club-A/202762,"1.528,75","1.223,00","275,00",1577.0,2.0,1,1,"79,00",
Jardim Bandeirantes,Apartamento,https://www.cardinali.com.br/alugar/Sao-Carlos/Apartamento/Kitchnet/Jardim-Bandeirantes/202355,"1.167,00",,,1237.0,1.0,1,,"70,00",
Centro,Apartamento,https://www.cardinali.com.br/comprar/Sao-Carlos/Apartamento/Padrao/Centro/202353,"3.475,00","2.780,00","1.000,00",4130.0,3.0,1,1,"350,00",
Parque Arnold Schimidt,Casa,https://www.cardinali.com.br/alugar/Sao-Carlos/Casa/Sobrado/Parque-Arnold-Schimidt/202330,"6.390,00","5.112,00",,5112.0,1.0,2,1,,
Parque Arnold Schimidt,Apartamento,https://www.cardinali.com.br/alugar/Sao-Carlos/Apartamento/Padrao/Parque-Arnold-Schimidt/202300,"3.820,00","3.056,00","590,00",3646.0,2.0,1,1,,
Cidade Jardim,Apartamento,https://www.cardinali.com.br/alugar/Sao-Carlos/Apartamento/Kitchnet/Cidade-Jardim/201974,"1.181,25","945,00",,945.0,1.0,1,,,
Centro,Apartamento,https://www.cardinali.com.br/alugar/Sao-Carlos/Apartamento/Padrao/Centro/201726,"3.125,00","2.500,00","160,00",2660.0,2.0,1,1,,
Centro,Apartamento,https://www.cardinali.com.br/alugar/Sao-Carlos/Apartamento/Padrao/Centro/201725,"3.125,00","2.500,00","160,00",2660.0,2.0,1,1,,
Centro,Apartamento,https://www.cardinali.com.br/alugar/Sao-Carlos/Apartamento/Padrao/Centro/201724,"3.125,00","2.500,00","160,00",2660.0,2.0,1,1,,
Centro,Apartamento,https://www.cardinali.com.br/comprar/Sao-Carlos/Apartamento/Padrao/Centro/201722,"3.125,00","2.500,00","160,00",2660.0,2.0,1,1,,
Jardim Paulistano,Apartamento,https://www.cardinali.com.br/alugar/Sao-Carlos/Apartamento/Padrao/Jardim-Paulistano/201706,"1.500,00","1.200,00","260,00",1500.0,1.0,1,1,"40,00",
Jardim Santa Paula,Apartamento,https://www.cardinali.com.br/alugar/Sao-Carlos/Apartamento/Padrao/Jardim-Santa-Paula/201665,"2.083,75","1.667,00",,1702.0,1.0,1,1,"35,00",
Centro,Apartamento,https://www.cardinali.com.br/alugar/Sao-Carlos/Apartamento/Padrao/Centro/201546,"4.187,50","3.350,00","260,00",3610.0,1.0,1,,,
Jardim Lutfalla,Casa,https://www.cardinali.com.br/alugar/Sao-Carlos/Casa/Padrao/Jardim-Lutfalla/201507,"6.945,00","5.556,00",,6106.0,3.0,1,4,"550,00",3
Cidade Jardim,Casa,https://www.cardinali.com.br/comprar/Sao-Carlos/Casa/Padrao/Cidade-Jardim/201197,"3.750,00","3.000,00",,3176.39,3.0,2,2,"176,39",
Vila Marigo,Apartamento,https://www.cardinali.com.br/alugar/Sao-Carlos/Apartamento/Padrao/Vila-Marigo/200958,"2.083,75","1.667,00","200,00",1937.0,1.0,1,,"70,00",
Cidade Jardim,Apartamento,https://www.cardinali.com.br/comprar/Sao-Carlos/Apartamento/Padrao/Cidade-Jardim/200749,"3.472,50","2.778,00","290,00",3178.0,2.0,1,1,"110,00",
Jardim Paraiso,Apartamento,https://www.cardinali.com.br/alugar/Sao-Carlos/Apartamento/Padrao/Jardim-Paraiso/200734,"2.222,50","1.778,00","250,00",2076.0,1.0,1,1,"48,00",
Vila Monteiro Gleba I,Casa,https://www.cardinali.com.br/alugar/Sao-Carlos/Casa/Padrao/Vila-Monteiro-Gleba-I/200589,"2.222,50","1.778,00",,1923.0,2.0,1,2,"145,00",
Centro,Casa,https://www.cardinali.com.br/alugar/Sao-Carlos/Casa/Padrao/Centro/200439,"5.556,25","4.445,00",,4445.0,3.0,3,4,,
Centro,Apartamento,https://www.cardinali.com.br/comprar/Sao-Carlos/Apartamento/Padrao/Centro/200356,"6.250,00","5.000,00","1.460,00",7470.0,3.0,1,3,"1.010,00",3
Jardim Paraiso,Casa,https://www.cardinali.com.br/comprar/Sao-Carlos/Casa/Padrao/Jardim-Paraiso/199726,"5.556,25","4.445,00",,4825.0,3.0,3,2,"380,00",
Jardim Lutfalla,Apartamento,https://www.cardinali.com.br/comprar/Sao-Carlos/Apartamento/Padrao/Jardim-Lutfalla/199183,"1.806,25","1.445,00","220,00",1665.0,1.0,1,,,
Cidade Jardim,Casa,https://www.cardinali.com.br/alugar/Sao-Carlos/Casa/Padrao/Cidade-Jardim/198831,"5.625,00","4.500,00",,4840.0,3.0,4,2,"340,00",2
Cidade Jardim,Apartamento,https://www.cardinali.com.br/alugar/Sao-Carlos/Apartamento/Padrao/Cidade-Jardim/198760,"2.083,75","1.667,00","218,68",1885.68,2.0,1,1,,
Cidade Jardim,Apartamento,https://www.cardinali.com.br/alugar/Sao-Carlos/Apartamento/Padrao/Cidade-Jardim/198759,"2.083,75","1.667,00","220,00",1887.0,2.0,1,1,,
Cidade Jardim,Apartamento,https://www.cardinali.com.br/comprar/Sao-Carlos/Apartamento/Padrao/Cidade-Jardim/198748,"3.890,00","3.112,00",,3112.0,2.0,1,1,,
Cidade Jardim,Apartamento,https://www.cardinali.com.br/alugar/Sao-Carlos/Apartamento/Padrao/Cidade-Jardim/198747,"3.195,00","2.556,00",,2556.0,2.0,1,1,,
Centro,Apartamento,https://www.cardinali.com.br/alugar/Sao-Carlos/Apartamento/Apartamento-sem-condominio/Centro/198677,"2.500,00","2.000,00",,2000.0,2.0,1,,,
Cidade Jardim,Apartamento,https://www.cardinali.com.br/comprar/Sao-Carlos/Apartamento/Padrao/Cidade-Jardim/198470,"2.375,00","1.900,00","259,00",2215.0,2.0,1,1,"56,00",
Centro,Apartamento,https://www.cardinali.com.br/alugar/Sao-Carlos/Apartamento/Padrao/Centro/198110,"3.195,00","2.556,00","317,00",2920.27,1.0,1,1,"47,27",
Jardim Lutfalla,Apartamento,https://www.cardinali.com.br/alugar/Sao-Carlos/Apartamento/Kitchnet-com-Condominio/Jardim-Lutfalla/176917,"1.492,50","1.194,00","219,00",1433.42,1.0,1,1,"20,42",
Cidade Jardim,Casa,https://www.cardinali.com.br/alugar/Sao-Carlos/Casa/Padrao/Cidade-Jardim/146065,"4.167,50","3.334,00",,3384.0,3.0,2,2,"50,00",
Cidade Jardim,Apartamento,https://www.cardinali.com.br/alugar/Sao-Carlos/Apartamento/Apartamento-sem-condominio/Cidade-Jardim/139426,"3.195,00","2.556,00","150,00",2706.0,3.0,1,1,,
Jardim Macarengo,Apartamento,https://www.cardinali.com.br/alugar/Sao-Carlos/Apartamento/Padrao/Jardim-Macarengo/135952,"2.250,00","1.800,00","357,00",2257.0,1.0,1,1,"100,00",
Jardim Paraiso,Apartamento,https://www.cardinali.com.br/alugar/Sao-Carlos/Apartamento/Padrao/Jardim-Paraiso/120541,"1.875,00","1.500,00","328,73",1903.98,2.0,1,1,"75,25",
Cidade Jardim,Apartamento,https://www.cardinali.com.br/alugar/Sao-Carlos/Apartamento/Padrao/Cidade-Jardim/120525,"2.222,50","1.778,00","373,43",2151.43,1.0,1,1,,
Jardim Paraiso,Apartamento,https://www.cardinali.com.br/alugar/Sao-Carlos/Apartamento/Padrao/Jardim-Paraiso/120342,"1.087,50","870,00",,923.34,1.0,1,,"53,34",
Jardim Alvorada,Apartamento,https://www.cardinali.com.br/alugar/Sao-Carlos/Apartamento/Padrao/Jardim-Alvorada/120319,"2.361,25","1.889,00","275,00",2294.0,2.0,2,1,"130,00",
Cidade Jardim,Apartamento,https://www.cardinali.com.br/alugar/Sao-Carlos/Apartamento/Padrao/Cidade-Jardim/120177,"1.223,00",,"220,00",1549.47,1.0,1,1,"106,47",
Jardim Bandeirantes,Apartamento,https://www.cardinali.com.br/alugar/Sao-Carlos/Apartamento/Padrao/Jardim-Bandeirantes/120051,"1.500,00","1.200,00","335,00",1535.0,2.0,1,1,,
Cidade Jardim,Apartamento,https://www.cardinali.com.br/alugar/Sao-Carlos/Apartamento/Padrao/Cidade-Jardim/119746,"1.320,00","1.056,00","375,00",1468.0,1.0,1,1,"37,00",
Cidade Jardim,Apartamento,https://www.cardinali.com.br/alugar/Sao-Carlos/Apartamento/Padrao/Cidade-Jardim/119703,"2.125,00","1.700,00",,1700.0,2.0,1,1,,
Cidade Jardim,Apartamento,https://www.cardinali.com.br/alugar/Sao-Carlos/Apartamento/Padrao/Cidade-Jardim/119610,"1.528,75","1.223,00","220,00",1549.73,1.0,1,1,"106,73",
Jardim Lutfalla,Apartamento,https://www.cardinali.com.br/alugar/Sao-Carlos/Apartamento/Padrao/Jardim-Lutfalla/119523,"1.118,75","895,00","183,00",1095.0,1.0,1,1,"17,00",
Cidade Jardim,Apartamento,https://www.cardinali.com.br/alugar/Sao-Carlos/Apartamento/Padrao/Cidade-Jardim/119520,"1.487,50","1.190,00","183,00",1373.0,1.0,1,1,,
Jardim Lutfalla,Apartamento,https://www.cardinali.com.br/alugar/Sao-Carlos/Apartamento/Padrao/Jardim-Lutfalla/119508,"745,00",,"183,00",945.0,1.0,1,1,"17,00",
Jardim Paraiso,Apartamento,https://www.cardinali.com.br/alugar/Sao-Carlos/Apartamento/Kitchnet/Jardim-Paraiso/119341,"833,75","667,00","100,00",767.0,1.0,1,,,
Centro,Apartamento,https://www.cardinali.com.br/alugar/Sao-Carlos/Apartamento/Padrao/Centro/119257,"2.083,75","1.667,00","350,00",2067.0,2.0,1,,"50,00",
Parque Santa Monica,Apartamento,https://www.cardinali.com.br/alugar/Sao-Carlos/Apartamento/Padrao/Parque-Santa-Monica/119181,"2.570,00","2.056,00","480,85",2622.71,3.0,1,2,"85,86",
Centro,Apartamento,https://www.cardinali.com.br/alugar/Sao-Carlos/Apartamento/Padrao/Centro/119071,"2.250,00","1.800,00","230,00",2110.0,1.0,1,1,"80,00",
Jardim Alvorada,Apartamento,https://www.cardinali.com.br/alugar/Sao-Carlos/Apartamento/Padrao/Jardim-Alvorada/118408,"2.222,50","1.778,00","299,00",2140.0,2.0,1,1,"63,00",
Centro,Casa,https://www.cardinali.com.br/comprar/Sao-Carlos/Casa/Sobrado/Centro/117976,"5.000,00","4.000,00",,4360.0,3.0,1,1,"360,00",
Centro,Casa,https://www.cardinali.com.br/alugar/Sao-Carlos/Casa/Padrao/Centro/117442,"5.556,25","4.445,00",,4695.0,3.0,3,5,"250,00",
Jardim Hikare,Casa,https://www.cardinali.com.br/alugar/Sao-Carlos/Casa/Padrao/Jardim-Hikare/117149,"2.225,00","1.780,00",,1865.0,3.0,1,2,"85,00",
Cidade Jardim,Casa,https://www.cardinali.com.br/alugar/Sao-Carlos/Casa/Padrao/Cidade-Jardim/116535,"4.167,50","3.334,00",,3506.0,3.0,1,1,"172,00",
Parque Arnold Schimidt,Apartamento,https://www.cardinali.com.br/comprar/Sao-Carlos/Apartamento/Padrao/Parque-Arnold-Schimidt/116494,"1.737,50","1.390,00","299,00",1745.57,1.0,1,1,"56,57",
Jardim Paraiso,Apartamento,https://www.cardinali.com.br/alugar/Sao-Carlos/Apartamento/Padrao/Jardim-Paraiso/116209,"2.778,75","2.223,00","372,02",2689.02,2.0,1,1,"94,00",
Cidade Jardim,Apartamento,https://www.cardinali.com.br/alugar/Sao-Carlos/Apartamento/Padrao/Cidade-Jardim/116157,"1.487,50","1.190,00","183,00",1373.0,1.0,1,1,,
Cidade Jardim,Apartamento,https://www.cardinali.com.br/alugar/Sao-Carlos/Apartamento/Padrao/Cidade-Jardim/116152,"1.487,50","1.190,00","183,00",1373.0,1.0,1,1,,
Cidade Jardim,Apartamento,https://www.cardinali.com.br/alugar/Sao-Carlos/Apartamento/Padrao/Cidade-Jardim/116150,"1.487,50","1.190,00","183,00",1390.0,1.0,1,1,"17,00",
Cidade Jardim,Apartamento,https://www.cardinali.com.br/alugar/Sao-Carlos/Apartamento/Padrao/Cidade-Jardim/116149,"1.487,50","1.190,00","183,00",1390.0,1.0,1,1,"17,00",
Parque Arnold Schimidt,Apartamento,https://www.cardinali.com.br/comprar/Sao-Carlos/Apartamento/Padrao/Parque-Arnold-Schimidt/116095,"1.737,50","1.390,00","299,00",1745.57,1.0,1,1,"56,57",
Parque Arnold Schimidt,Apartamento,https://www.cardinali.com.br/comprar/Sao-Carlos/Apartamento/Padrao/Parque-Arnold-Schimidt/116094,"1.737,50","1.390,00","299,00",1745.57,1.0,1,1,"56,57",
Parque Arnold Schimidt,Apartamento,https://www.cardinali.com.br/comprar/Sao-Carlos/Apartamento/Padrao/Parque-Arnold-Schimidt/116089,"1.737,50","1.390,00","299,00",1745.57,1.0,1,1,"56,57",
Jardim Centenario,Apartamento,https://www.cardinali.com.br/alugar/Sao-Carlos/Apartamento/Kitchnet/Jardim-Centenario/115880,"1.625,00","1.300,00",,1300.0,1.0,,1,,
Jardim Centenario,Apartamento,https://www.cardinali.com.br/alugar/Sao-Carlos/Apartamento/Apartamento-sem-condominio/Jardim-Centenario/115762,"1.625,00","1.300,00","180,00",1530.0,2.0,1,1,"50,00",
Centro,Apartamento,https://www.cardinali.com.br/comprar/Sao-Carlos/Apartamento/Padrao/Centro/115613,"3.000,00","2.400,00","800,00",3301.0,2.0,1,2,"101,00",
Jardim Bandeirantes,Apartamento,https://www.cardinali.com.br/alugar/Sao-Carlos/Apartamento/Padrao/Jardim-Bandeirantes/115542,"1.625,00","1.300,00","80,00",1446.0,2.0,1,1,"66,00",
Jardim Paraiso,Apartamento,https://www.cardinali.com.br/alugar/Sao-Carlos/Apartamento/Padrao/Jardim-Paraiso/115487,"2.292,50","1.834,00","250,00",2134.0,1.0,1,1,"50,00",
Vila Elizabeth,Casa,https://www.cardinali.com.br/comprar/Sao-Carlos/Casa/Padrao/Vila-Elizabeth/115252,"8.333,75","6.667,00",,7567.0,4.0,3,8,"900,00",
Jardim Macarengo,Casa,https://www.cardinali.com.br/alugar/Sao-Carlos/Casa/Padrao/Jardim-Macarengo/115138,"1.875,00","1.500,00",,1500.0,1.0,1,1,,
Centro,Casa,https://www.cardinali.com.br/alugar/Sao-Carlos/Casa/Padrao/Centro/115030,"2.778,75","2.223,00",,2223.0,3.0,2,2,,
Parque Arnold Schimidt,Apartamento,https://www.cardinali.com.br/alugar/Sao-Carlos/Apartamento/Padrao/Parque-Arnold-Schimidt/114986,"1.667,50","1.334,00","455,00",1789.0,1.0,1,1,,
Parque Arnold Schimidt,Apartamento,https://www.cardinali.com.br/alugar/Sao-Carlos/Apartamento/Padrao/Parque-Arnold-Schimidt/114982,"1.528,75","1.223,00","460,00",1683.0,1.0,1,1,,
Parque Arnold Schimidt,Apartamento,https://www.cardinali.com.br/alugar/Sao-Carlos/Apartamento/Padrao/Parque-Arnold-Schimidt/114975,"1.667,50","1.334,00","455,00",1789.0,1.0,1,1,,
Centro,Apartamento,https://www.cardinali.com.br/alugar/Sao-Carlos/Apartamento/Padrao/Centro/114953,"2.083,75","1.667,00","230,00",1897.0,1.0,1,1,,
Jardim Centenario,Apartamento,https://www.cardinali.com.br/alugar/Sao-Carlos/Apartamento/Apartamento-sem-condominio/Jardim-Centenario/114737,"1.546,25","1.237,00","180,00",1467.0,1.0,1,1,"50,00",
Jardim Centenario,Apartamento,https://www.cardinali.com.br/alugar/Sao-Carlos/Apartamento/Apartamento-sem-condominio/Jardim-Centenario/114726,"1.546,25","1.237,00","180,00",1467.0,2.0,1,1,"50,00",
Jardim Centenario,Apartamento,https://www.cardinali.com.br/alugar/Sao-Carlos/Apartamento/Apartamento-sem-condominio/Jardim-Centenario/114725,"1.546,25","1.237,00","180,00",1467.0,2.0,1,1,"50,00",
Parque Arnold Schimidt,Apartamento,https://www.cardinali.com.br/alugar/Sao-Carlos/Apartamento/Padrao/Parque-Arnold-Schimidt/114536,"1.667,50","1.334,00","185,00",1581.0,1.0,1,,"62,00",
Centro,Apartamento,https://www.cardinali.com.br/alugar/Sao-Carlos/Apartamento/Padrao/Centro/114515,"3.472,50","2.778,00","550,00",3592.64,3.0,1,2,"264,64",3
Jardim Santa Paula,Apartamento,https://www.cardinali.com.br/alugar/Sao-Carlos/Apartamento/Padrao/Jardim-Santa-Paula/114128,"1.250,00","1.000,00","100,00",1100.0,1.0,1,,,
Cidade Jardim,Apartamento,https://www.cardinali.com.br/alugar/Sao-Carlos/Apartamento/Padrao/Cidade-Jardim/114125,"3.181,25","2.545,00","260,00",2805.0,3.0,1,1,,
Jardim Lutfalla,Apartamento,https://www.cardinali.com.br/alugar/Sao-Carlos/Apartamento/Padrao/Jardim-Lutfalla/114053,"1.750,00","1.400,00","350,00",1830.0,1.0,1,1,"80,00",
Parque Santa Monica,Apartamento,https://www.cardinali.com.br/alugar/Sao-Carlos/Apartamento/Padrao/Parque-Santa-Monica/114002,"1.528,75","1.223,00","493,00",1795.0,2.0,2,1,"79,00",
Jardim Santa Paula,Apartamento,https://www.cardinali.com.br/comprar/Sao-Carlos/Apartamento/Padrao/Jardim-Santa-Paula/113819,"1.390,00","1.112,00","218,00",1330.0,1.0,1,1,,
Parque Arnold Schimidt,Apartamento,https://www.cardinali.com.br/comprar/Sao-Carlos/Apartamento/Padrao/Parque-Arnold-Schimidt/113776,"3.875,00","3.100,00","587,00",3853.99,2.0,1,1,"166,99",
Jardim Macarengo,Casa,https://www.cardinali.com.br/comprar/Sao-Carlos/Casa/Padrao/Jardim-Macarengo/113468,"6.945,00","5.556,00",,5604.0,4.0,2,2,"48,00",
Jardim Lutfalla,Apartamento,https://www.cardinali.com.br/alugar/Sao-Carlos/Apartamento/Padrao/Jardim-Lutfalla/113466,"1.458,76","1.167,01","115,75",1300.0,1.0,1,,"17,24",
Jardim Nova Santa Paula,Casa,https://www.cardinali.com.br/alugar/Sao-Carlos/Casa/Padrao/Jardim-Nova-Santa-Paula/113223,"2.475,00","1.980,00",,2110.0,2.0,1,4,"130,00",
Centro,Apartamento,https://www.cardinali.com.br/alugar/Sao-Carlos/Apartamento/Padrao/Centro/113181,"1.296,00",,"580,00",1976.0,1.0,1,1,"100,00",
Centro,Apartamento,https://www.cardinali.com.br/alugar/Sao-Carlos/Apartamento/Padrao/Centro/113137,"3.958,75","3.167,00","400,00",3567.0,2.0,1,2,,
Centro,Apartamento,https://www.cardinali.com.br/comprar/Sao-Carlos/Apartamento/Padrao/Centro/113129,"1.125,00","900,00","880,00",1860.0,1.0,1,1,"80,00",
Parque Arnold Schimidt,Apartamento,https://www.cardinali.com.br/comprar/Sao-Carlos/Apartamento/Padrao/Parque-Arnold-Schimidt/112426,"1.945,00","1.556,00","474,00",2030.0,1.0,1,1,,
Jardim Jockei Club A,Apartamento,https://www.cardinali.com.br/comprar/Sao-Carlos/Apartamento/Padrao/Jardim-Jockei-Club-A/112415,"2.125,00","1.700,00",,1700.0,3.0,1,1,,
Centro,Apartamento,https://www.cardinali.com.br/alugar/Sao-Carlos/Apartamento/Padrao/Centro/112094,"4.112,00",,"1.150,00",5674.0,3.0,1,3,"412,00",
Centro,Apartamento,https://www.cardinali.com.br/alugar/Sao-Carlos/Apartamento/Padrao/Centro/111734,"2.778,75","2.223,00","900,77",3340.77,3.0,1,1,"217,00",
Centro,Apartamento,https://www.cardinali.com.br/alugar/Sao-Carlos/Apartamento/Padrao/Centro/111709,"2.292,50","1.834,00","100,00",1951.96,1.0,1,,"17,96",
Parque Arnold Schimidt,Apartamento,https://www.cardinali.com.br/alugar/Sao-Carlos/Apartamento/Padrao/Parque-Arnold-Schimidt/111619,"2.362,50","1.890,00","474,00",2364.0,1.0,1,1,,
Parque Arnold Schimidt,Apartamento,https://www.cardinali.com.br/alugar/Sao-Carlos/Apartamento/Padrao/Parque-Arnold-Schimidt/111475,"2.083,75","1.667,00","474,00",2141.0,1.0,1,1,,
Jardim Lutfalla,Apartamento,https://www.cardinali.com.br/comprar/Sao-Carlos/Apartamento/Padrao/Jardim-Lutfalla/111387,"3.472,50","2.778,00","481,00",3331.0,2.0,1,1,"72,00",
Jardim Bandeirantes,Apartamento,https://www.cardinali.com.br/alugar/Sao-Carlos/Apartamento/Padrao/Jardim-Bandeirantes/111255,"1.667,50","1.334,00","100,00",1454.0,1.0,1,1,"20,00",
Parque Arnold Schimidt,Apartamento,https://www.cardinali.com.br/alugar/Sao-Carlos/Apartamento/Padrao/Parque-Arnold-Schimidt/111126,"1.806,25","1.445,00","440,00",1885.0,1.0,1,1,,
Jardim Hikare,Casa,https://www.cardinali.com.br/comprar/Sao-Carlos/Casa/Sobrado/Jardim-Hikare/110911,"3.890,00","3.112,00",,3420.5,3.0,2,2,"308,50",
Cidade Jardim,Apartamento,https://www.cardinali.com.br/alugar/Sao-Carlos/Apartamento/Padrao/Cidade-Jardim/110852,"2.361,25","1.889,00","450,00",2419.0,2.0,1,1,"80,00",
Cidade Jardim,Apartamento,https://www.cardinali.com.br/alugar/Sao-Carlos/Apartamento/Padrao/Cidade-Jardim/110695,"1.437,50","1.150,00","300,00",1450.0,1.0,1,1,,
Parque Arnold Schimidt,Apartamento,https://www.cardinali.com.br/alugar/Sao-Carlos/Apartamento/Padrao/Parque-Arnold-Schimidt/110684,"1.667,50","1.334,00","440,00",1774.0,1.0,1,1,,
Centro,Apartamento,https://www.cardinali.com.br/alugar/Sao-Carlos/Apartamento/Padrao/Centro/110421,"2.900,00",,"548,00",3662.59,3.0,1,2,"214,59",
Parque Arnold Schimidt,Apartamento,https://www.cardinali.com.br/alugar/Sao-Carlos/Apartamento/Padrao/Parque-Arnold-Schimidt/110256,"2.778,75","2.223,00","474,00",2697.0,1.0,1,1,,
Centro,Apartamento,https://www.cardinali.com.br/alugar/Sao-Carlos/Apartamento/Padrao/Centro/110229,"3.312,50","2.650,00","368,48",3113.74,2.0,1,1,"95,26",
Jardim Santa Paula,Apartamento,https://www.cardinali.com.br/alugar/Sao-Carlos/Apartamento/Padrao/Jardim-Santa-Paula/110144,"1.250,00","1.000,00","100,00",1100.0,1.0,1,1,,
Parque Arnold Schimidt,Apartamento,https://www.cardinali.com.br/alugar/Sao-Carlos/Apartamento/Padrao/Parque-Arnold-Schimidt/110106,"1.667,50","1.334,00","185,00",1581.0,1.0,1,1,"62,00",
Parque Arnold Schimidt,Apartamento,https://www.cardinali.com.br/comprar/Sao-Carlos/Apartamento/Padrao/Parque-Arnold-Schimidt/109864,"1.375,00","1.100,00","440,00",1540.0,1.0,1,1,,
Parque Santa Monica,Apartamento,https://www.cardinali.com.br/alugar/Sao-Carlos/Apartamento/Padrao/Parque-Santa-Monica/109765,"2.223,00",,"497,08",2875.75,2.0,1,,"155,67",
Centro,Apartamento,https://www.cardinali.com.br/alugar/Sao-Carlos/Apartamento/Padrao/Centro/109720,"3.187,50","2.550,00","932,00",3762.0,2.0,1,1,"280,00",
Centro,Casa,https://www.cardinali.com.br/alugar/Sao-Carlos/Casa/Sobrado/Centro/109449,"4.445,00","3.556,00",,3756.0,4.0,1,2,"200,00",
Jardim Centenario,Apartamento,https://www.cardinali.com.br/alugar/Sao-Carlos/Apartamento/Padrao/Jardim-Centenario/109427,"1.945,00","1.556,00","190,00",1813.0,1.0,1,1,"67,00",
Jardim Centenario,Apartamento,https://www.cardinali.com.br/alugar/Sao-Carlos/Apartamento/Padrao/Jardim-Centenario/109424,"1.625,00","1.300,00","190,00",1557.0,1.0,1,1,"67,00",
Jardim Centenario,Apartamento,https://www.cardinali.com.br/alugar/Sao-Carlos/Apartamento/Padrao/Jardim-Centenario/109423,"1.625,00","1.300,00","190,00",1557.0,1.0,1,1,"67,00",
Parque Santa Monica,Apartamento,https://www.cardinali.com.br/alugar/Sao-Carlos/Apartamento/Padrao/Parque-Santa-Monica/109378,"2.362,50","1.890,00","481,86",2457.86,3.0,1,2,"86,00",
Parque Arnold Schimidt,Casa,https://www.cardinali.com.br/alugar/Sao-Carlos/Casa/Padrao/Parque-Arnold-Schimidt/109105,"2.778,75","2.223,00",,2293.0,3.0,2,2,"70,00",
Jardim Hikare,Casa,https://www.cardinali.com.br/alugar/Sao-Carlos/Casa/Edicula/Jardim-Hikare/109102,"910,00",,,910.0,1.0,1,1,,
Jardim Lutfalla,Apartamento,https://www.cardinali.com.br/alugar/Sao-Carlos/Apartamento/Padrao/Jardim-Lutfalla/108942,"2.361,25","1.889,00","134,00",2089.57,2.0,1,,"66,57",
Cidade Jardim,Casa,https://www.cardinali.com.br/alugar/Sao-Carlos/Casa/Padrao/Cidade-Jardim/108828,"4.375,00","3.500,00",,3735.0,3.0,2,4,"235,00",
Jardim Santa Paula,Apartamento,https://www.cardinali.com.br/alugar/Sao-Carlos/Apartamento/Flat-com-Condominio/Jardim-Santa-Paula/108655,"1.667,50","1.334,00","180,00",1542.98,1.0,1,,"28,98",
Parque Arnold Schimidt,Casa,https://www.cardinali.com.br/alugar/Sao-Carlos/Casa/Padrao/Parque-Arnold-Schimidt/108608,"3.890,00","3.112,00",,3227.0,3.0,2,2,"115,00",
Jardim Lutfalla,Apartamento,https://www.cardinali.com.br/alugar/Sao-Carlos/Apartamento/Padrao/Jardim-Lutfalla/108389,"2.250,00","1.800,00","250,00",2121.88,2.0,1,,"71,88",
Jardim Santa Paula,Apartamento,https://www.cardinali.com.br/comprar/Sao-Carlos/Apartamento/Flat-com-Condominio/Jardim-Santa-Paula/108051,"1.528,75","1.223,00","234,00",1517.0,1.0,1,,"60,00",
Cidade Jardim,Apartamento,https://www.cardinali.com.br/alugar/Sao-Carlos/Apartamento/Padrao/Cidade-Jardim/108046,"2.140,00","1.712,00","260,00",1972.0,2.0,1,1,,
Cidade Jardim,Apartamento,https://www.cardinali.com.br/alugar/Sao-Carlos/Apartamento/Padrao/Cidade-Jardim/108036,"2.140,00","1.712,00","260,00",1972.0,2.0,1,1,,
Cidade Jardim,Apartamento,https://www.cardinali.com.br/alugar/Sao-Carlos/Apartamento/Padrao/Cidade-Jardim/108033,"1.712,00",,"260,00",1972.0,2.0,1,1,,
Cidade Jardim,Apartamento,https://www.cardinali.com.br/alugar/Sao-Carlos/Apartamento/Apartamento-sem-condominio/Cidade-Jardim/108026,"3.195,00","2.556,00","150,00",2706.0,3.0,1,1,,
Vila Monteiro Gleba I,Apartamento,https://www.cardinali.com.br/alugar/Sao-Carlos/Apartamento/Padrao/Vila-Monteiro-Gleba-I/107934,"2.250,00","1.800,00","1.121,00",3024.0,3.0,2,1,"103,00",
Jardim Santa Paula,Apartamento,https://www.cardinali.com.br/alugar/Sao-Carlos/Apartamento/Flat-com-Condominio/Jardim-Santa-Paula/107908,"2.222,50","1.778,00","218,00",2062.0,1.0,1,1,"66,00",
Jardim Paraiso,Apartamento,https://www.cardinali.com.br/comprar/Sao-Carlos/Apartamento/Padrao/Jardim-Paraiso/107825,"2.778,75","2.223,00","700,00",3024.49,2.0,1,1,"101,49",
Jardim Santa Paula,Casa,https://www.cardinali.com.br/alugar/Sao-Carlos/Casa/Padrao/Jardim-Santa-Paula/107590,"3.333,75","2.667,00",,2762.0,3.0,1,2,"95,00",
Centro,Apartamento,https://www.cardinali.com.br/alugar/Sao-Carlos/Apartamento/Padrao/Centro/107350,"2.375,00","1.900,00","700,00",2820.0,3.0,2,1,"220,00",
Jardim Lutfalla,Apartamento,https://www.cardinali.com.br/alugar/Sao-Carlos/Apartamento/Padrao/Jardim-Lutfalla/107297,"3.750,00","3.000,00",,3000.0,1.0,1,,,
Jardim Lutfalla,Apartamento,https://www.cardinali.com.br/alugar/Sao-Carlos/Apartamento/Padrao/Jardim-Lutfalla/107052,"1.667,00",,"254,00",1965.6,2.0,1,,"44,60",
Jardim Lutfalla,Apartamento,https://www.cardinali.com.br/alugar/Sao-Carlos/Apartamento/Padrao/Jardim-Lutfalla/106959,"3.875,00","3.100,00","360,00",3535.0,2.0,1,1,"75,00",
Jardim Paraiso,Apartamento,https://www.cardinali.com.br/alugar/Sao-Carlos/Apartamento/Padrao/Jardim-Paraiso/106931,"937,50","750,00","150,00",960.27,1.0,1,,"60,27",
Centro,Apartamento,https://www.cardinali.com.br/alugar/Sao-Carlos/Apartamento/Padrao/Centro/106862,"2.083,75","1.667,00","350,00",2067.0,2.0,1,1,"50,00",
Centro,Apartamento,https://www.cardinali.com.br/alugar/Sao-Carlos/Apartamento/Padrao/Centro/106847,"2.083,75","1.667,00","350,00",2067.0,2.0,1,1,"50,00",
Jardim Lutfalla,Apartamento,https://www.cardinali.com.br/comprar/Sao-Carlos/Apartamento/Padrao/Jardim-Lutfalla/106703,"2.778,75","2.223,00","339,65",2641.06,2.0,1,1,"78,41",
Centro,Apartamento,https://www.cardinali.com.br/alugar/Sao-Carlos/Apartamento/Kitchnet/Centro/106410,"766,25","613,00",,613.0,1.0,1,,,
Jardim Santa Paula,Apartamento,https://www.cardinali.com.br/alugar/Sao-Carlos/Apartamento/Flat-com-Condominio/Jardim-Santa-Paula/106283,"1.667,50","1.334,00","180,00",1544.0,1.0,1,1,"30,00",
Centro,Apartamento,https://www.cardinali.com.br/alugar/Sao-Carlos/Apartamento/Padrao/Centro/106221,"3.333,75","2.667,00","550,00",3342.0,3.0,1,2,"125,00",
Parque Arnold Schimidt,Apartamento,https://www.cardinali.com.br/alugar/Sao-Carlos/Apartamento/Kitchnet/Parque-Arnold-Schimidt/106150,"1.500,00","1.200,00","48,96",1300.0,1.0,1,,"51,04",
Parque Delta,Casa,https://www.cardinali.com.br/comprar/Sao-Carlos/Casa/Sobrado/Parque-Delta/105664,"3.625,00","2.900,00",,2900.0,3.0,1,8,,
Jardim Lutfalla,Apartamento,https://www.cardinali.com.br/alugar/Sao-Carlos/Apartamento/Padrao/Jardim-Lutfalla/105616,"2.156,25","1.725,00","230,00",1987.0,2.0,1,1,"32,00",
Jardim Paraiso,Apartamento,https://www.cardinali.com.br/alugar/Sao-Carlos/Apartamento/Padrao/Jardim-Paraiso/105591,"1.737,50","1.390,00","220,00",1640.0,1.0,1,,"30,00",
Vila Celina,Apartamento,https://www.cardinali.com.br/alugar/Sao-Carlos/Apartamento/Kitchnet/Vila-Celina/105390,"650,00","520,00","60,00",595.0,1.0,1,,"15,00",
Jardim Lutfalla,Apartamento,https://www.cardinali.com.br/comprar/Sao-Carlos/Apartamento/Padrao/Jardim-Lutfalla/105309,"1.778,00",,"236,00",2053.0,1.0,1,1,"39,00",
Centro,Apartamento,https://www.cardinali.com.br/alugar/Sao-Carlos/Apartamento/Padrao/Centro/104898,"2.222,50","1.778,00","489,00",2367.0,2.0,1,1,"100,00",
Vila Marina,Apartamento,https://www.cardinali.com.br/alugar/Sao-Carlos/Apartamento/Padrao/Vila-Marina/104869,"1.250,00","1.000,00","210,00",1210.0,1.0,1,,,
Centro,Casa,https://www.cardinali.com.br/comprar/Sao-Carlos/Casa/Padrao/Centro/104797,"2.708,75","2.167,00",,2167.0,3.0,1,,,
Jardim Jockei Club A,Apartamento,https://www.cardinali.com.br/alugar/Sao-Carlos/Apartamento/Padrao/Jardim-Jockei-Club-A/104733,"1.806,25","1.445,00","300,00",1793.0,2.0,1,1,"48,00",
Jardim Paraiso,Apartamento,https://www.cardinali.com.br/alugar/Sao-Carlos/Apartamento/Padrao/Jardim-Paraiso/104257,"3.195,00","2.556,00","475,00",3121.0,2.0,1,1,"90,00",
Vila Monteiro Gleba I,Apartamento,https://www.cardinali.com.br/alugar/Sao-Carlos/Apartamento/Kitchnet/Vila-Monteiro-Gleba-I/104026,"2.570,00","2.056,00",,2056.0,1.0,1,,,
Centro,Apartamento,https://www.cardinali.com.br/alugar/Sao-Carlos/Apartamento/Padrao/Centro/103090,"2.700,00",,"424,18",3375.31,3.0,1,2,"251,13",
Centro,Apartamento,https://www.cardinali.com.br/alugar/Sao-Carlos/Apartamento/Padrao/Centro/102859,"2.778,75","2.223,00","522,99",2877.79,2.0,1,1,"131,80",
Jardim Paraiso,Apartamento,https://www.cardinali.com.br/alugar/Sao-Carlos/Apartamento/Padrao/Jardim-Paraiso/102727,"2.362,50","1.890,00","405,50",2398.85,2.0,1,1,"103,35",
Centro,Apartamento,https://www.cardinali.com.br/alugar/Sao-Carlos/Apartamento/Padrao/Centro/101851,"3.396,25","2.717,00","600,00",3452.67,3.0,1,1,"135,67",
Cidade Jardim,Apartamento,https://www.cardinali.com.br/comprar/Sao-Carlos/Apartamento/Padrao/Cidade-Jardim/101641,"3.890,00","3.112,00",,3112.0,2.0,1,1,,
Parque Arnold Schimidt,Apartamento,https://www.cardinali.com.br/alugar/Sao-Carlos/Apartamento/Padrao/Parque-Arnold-Schimidt/101437,"2.222,50","1.778,00","180,00",2008.0,2.0,1,1,"50,00",
Jardim Paraiso,Apartamento,https://www.cardinali.com.br/comprar/Sao-Carlos/Apartamento/Padrao/Jardim-Paraiso/101095,"2.083,75","1.667,00","372,00",2114.24,2.0,1,,"75,24",
Jardim Jockei Club A,Apartamento,https://www.cardinali.com.br/alugar/Sao-Carlos/Apartamento/Padrao/Jardim-Jockei-Club-A/101014,"1.567,50","1.254,00",,1254.0,2.0,1,1,,
Parque Arnold Schimidt,Apartamento,https://www.cardinali.com.br/alugar/Sao-Carlos/Apartamento/Padrao/Parque-Arnold-Schimidt/100915,"1.390,00","1.112,00","676,81",1788.81,2.0,1,,,
Jardim Lutfalla,Apartamento,https://www.cardinali.com.br/alugar/Sao-Carlos/Apartamento/Padrao/Jardim-Lutfalla/100423,"2.937,50","2.350,00","375,00",2725.0,2.0,1,1,,
Jardim Paraiso,Apartamento,https://www.cardinali.com.br/alugar/Sao-Carlos/Apartamento/Padrao/Jardim-Paraiso/100369,"1.950,00","1.560,00","372,00",2025.0,2.0,1,,"93,00",
Parque Arnold Schimidt,Apartamento,https://www.cardinali.com.br/comprar/Sao-Carlos/Apartamento/Padrao/Parque-Arnold-Schimidt/100327,"1.812,50","1.450,00","418,21",1938.75,2.0,1,1,"70,54",
Cidade Jardim,Apartamento,https://www.cardinali.com.br/alugar/Sao-Carlos/Apartamento/Apartamento-sem-condominio/Cidade-Jardim/100237,"1.390,00","1.112,00","100,00",1250.0,1.0,1,,"38,00",
Centro,Apartamento,https://www.cardinali.com.br/alugar/Sao-Carlos/Apartamento/Padrao/Centro/100117,"2.250,00","1.800,00","200,00",2037.97,1.0,1,1,"37,97",
Cidade Jardim,Apartamento,https://www.cardinali.com.br/alugar/Sao-Carlos/Apartamento/Kitchnet-sem-Condominio/Cidade-Jardim/100096,"1.445,00","1.156,00","100,00",1296.0,1.0,1,,"40,00",
Jardim Paraiso,Apartamento,https://www.cardinali.com.br/alugar/Sao-Carlos/Apartamento/Padrao/Jardim-Paraiso/99763,"1.950,00","1.560,00","330,00",1962.0,2.0,1,1,"72,00",
Cidade Jardim,Casa,https://www.cardinali.com.br/alugar/Sao-Carlos/Casa/Padrao/Cidade-Jardim/99421,"3.475,00","2.780,00",,2904.64,2.0,1,,"124,64",
Centro,Apartamento,https://www.cardinali.com.br/alugar/Sao-Carlos/Apartamento/Padrao/Centro/99199,"1.667,00",,"1.941,88",4039.63,4.0,2,1,"430,75",
Centro,Apartamento,https://www.cardinali.com.br/comprar/Sao-Carlos/Apartamento/Padrao/Centro/98503,"3.000,00","2.400,00","495,44",3013.89,3.0,2,1,"118,45",
Jardim Paraiso,Apartamento,https://www.cardinali.com.br/alugar/Sao-Carlos/Apartamento/Padrao/Jardim-Paraiso/98440,"1.500,00",,"405,50",1998.53,2.0,1,,"93,03",
Parque Arnold Schimidt,Apartamento,https://www.cardinali.com.br/alugar/Sao-Carlos/Apartamento/Padrao/Parque-Arnold-Schimidt/87079,"3.375,00","2.700,00","587,06",3454.05,2.0,2,1,"166,99",
Jardim Alvorada,Apartamento,https://www.cardinali.com.br/alugar/Sao-Carlos/Apartamento/Padrao/Jardim-Alvorada/86605,"1.668,75","1.335,00","349,00",1733.15,2.0,1,1,"49,15",
Centro,Casa,https://www.cardinali.com.br/alugar/Sao-Carlos/Casa/Padrao/Centro/85519,"4.169,93","3.335,94",,3500.53,3.0,1,2,"164,59",
Centro,Apartamento,https://www.cardinali.com.br/alugar/Sao-Carlos/Apartamento/Kitchnet/Centro/85429,"1.812,50","1.450,00",,1450.0,2.0,1,1,,
Centro,Apartamento,https://www.cardinali.com.br/alugar/Sao-Carlos/Apartamento/Padrao/Centro/85069,"2.083,75","1.667,00","1.400,00",3229.0,3.0,1,1,"162,00",
Centro,Apartamento,https://www.cardinali.com.br/comprar/Sao-Carlos/Apartamento/Padrao/Centro/84544,"2.812,50","2.250,00","271,02",2521.02,2.0,1,1,,
Centro,Casa,https://www.cardinali.com.br/alugar/Sao-Carlos/Casa/Padrao/Centro/84145,"1.037,50","830,00",,830.0,1.0,1,,,
Jardim Alvorada,Apartamento,https://www.cardinali.com.br/comprar/Sao-Carlos/Apartamento/Padrao/Jardim-Alvorada/83560,"2.778,75","2.223,00","350,64",2573.64,2.0,1,2,,2
Jardim Lutfalla,Apartamento,https://www.cardinali.com.br/alugar/Sao-Carlos/Apartamento/Padrao/Jardim-Lutfalla/83086,"2.292,50","1.834,00","100,00",1951.17,1.0,1,,"17,17",
Centro,Casa,https://www.cardinali.com.br/alugar/Sao-Carlos/Casa/Padrao/Centro/82189,"3.472,50","2.778,00",,2843.0,3.0,3,,"65,00",3
Parque Arnold Schimidt,Apartamento,https://www.cardinali.com.br/alugar/Sao-Carlos/Apartamento/Padrao/Parque-Arnold-Schimidt/82105,"1.667,50","1.334,00","185,00",1581.0,1.0,1,1,"62,00",
Cidade Jardim,Apartamento,https://www.cardinali.com.br/alugar/Sao-Carlos/Apartamento/Padrao/Cidade-Jardim/81946,"2.500,00","2.000,00","220,00",2290.0,2.0,1,1,"70,00",
Centro,Casa,https://www.cardinali.com.br/alugar/Sao-Carlos/Casa/Padrao/Centro/81289,"4.167,50","3.334,00",,3635.01,3.0,2,1,"301,01",
Jardim Paraiso,Apartamento,https://www.cardinali.com.br/alugar/Sao-Carlos/Apartamento/Padrao/Jardim-Paraiso/80692,"2.500,00","2.000,00","372,00",2476.0,2.0,1,1,"104,00",
Vila Monteiro Gleba I,Apartamento,https://www.cardinali.com.br/alugar/Sao-Carlos/Apartamento/Padrao/Vila-Monteiro-Gleba-I/80290,"1.528,75","1.223,00","420,00",1743.0,2.0,1,1,"100,00",
Centro,Casa,https://www.cardinali.com.br/alugar/Sao-Carlos/Casa/Sobrado/Centro/79081,"4.375,00","3.500,00","1,11",3502.22,1.0,3,,"1,11",
Parque Arnold Schimidt,Casa,https://www.cardinali.com.br/comprar/Sao-Carlos/Casa/Padrao/Parque-Arnold-Schimidt/78916,"4.755,00","3.804,00",,4093.98,3.0,3,2,"289,98",
Vila Celina,Casa,https://www.cardinali.com.br/alugar/Sao-Carlos/Casa/Padrao/Vila-Celina/78421,"3.250,00","2.600,00",,2703.0,2.0,1,1,"103,00",
Jardim Paraiso,Apartamento,https://www.cardinali.com.br/alugar/Sao-Carlos/Apartamento/Padrao/Jardim-Paraiso/78334,"2.875,00","2.300,00","260,00",2610.0,1.0,1,1,"50,00",
Jardim Hikare,Apartamento,https://www.cardinali.com.br/alugar/Sao-Carlos/Apartamento/Padrao/Jardim-Hikare/78253,"2.083,75","1.667,00","280,00",1947.0,2.0,1,1,,
Jardim Alvorada,Apartamento,https://www.cardinali.com.br/comprar/Sao-Carlos/Apartamento/Padrao/Jardim-Alvorada/77848,"2.640,00","2.112,00","299,00",2474.83,2.0,1,1,"63,83",
Centro,Apartamento,https://www.cardinali.com.br/alugar/Sao-Carlos/Apartamento/Padrao/Centro/77731,"1.250,00","1.000,00","505,00",1585.0,3.0,1,1,"80,00",
Centro,Casa,https://www.cardinali.com.br/comprar/Sao-Carlos/Casa/Sobrado/Centro/77536,"7.500,00","6.000,00",,6500.0,5.0,4,2,"500,00",4
Centro,Apartamento,https://www.cardinali.com.br/alugar/Sao-Carlos/Apartamento/Padrao/Centro/77437,"2.361,25","1.889,00","198,00",2181.55,2.0,2,1,"94,55",
Cidade Jardim,Apartamento,https://www.cardinali.com.br/comprar/Sao-Carlos/Apartamento/Kitchnet-com-Condominio/Cidade-Jardim/77302,"1.390,00","1.112,00","181,00",1313.0,1.0,1,1,"20,00",
Jardim Lutfalla,Apartamento,https://www.cardinali.com.br/alugar/Sao-Carlos/Apartamento/Padrao/Jardim-Lutfalla/76918,"1.875,00","1.500,00","100,00",1617.17,1.0,1,,"17,17",
Jardim Paraiso,Apartamento,https://www.cardinali.com.br/alugar/Sao-Carlos/Apartamento/Padrao/Jardim-Paraiso/76912,"1.989,36",,"405,00",2487.37,2.0,1,1,"93,01",
Vila Celina,Apartamento,https://www.cardinali.com.br/alugar/Sao-Carlos/Apartamento/Kitchnet/Vila-Celina/76777,"1.042,50","834,00",,881.25,1.0,1,1,"47,25",
Jardim Lutfalla,Apartamento,https://www.cardinali.com.br/alugar/Sao-Carlos/Apartamento/Padrao/Jardim-Lutfalla/76456,"2.500,00","2.000,00","356,06",2456.06,1.0,1,1,"100,00",
Jardim Santa Paula,Apartamento,https://www.cardinali.com.br/comprar/Sao-Carlos/Apartamento/Padrao/Jardim-Santa-Paula/76264,"2.083,75","1.667,00",,1737.0,1.0,1,1,"70,00",
Jardim Lutfalla,Apartamento,https://www.cardinali.com.br/alugar/Sao-Carlos/Apartamento/Padrao/Jardim-Lutfalla/74887,"2.362,50","1.890,00","381,81",2351.81,1.0,1,1,"80,00",
Jardim Alvorada,Apartamento,https://www.cardinali.com.br/alugar/Sao-Carlos/Apartamento/Padrao/Jardim-Alvorada/74674,"2.083,75","1.667,00","275,00",2070.0,2.0,1,1,"128,00",
Centro,Casa,https://www.cardinali.com.br/comprar/Sao-Carlos/Casa/Sobrado/Centro/74455,"4.375,00","3.500,00",,3670.0,3.0,3,1,"170,00",
Centro,Apartamento,https://www.cardinali.com.br/alugar/Sao-Carlos/Apartamento/Padrao/Centro/74146,"3.472,50","2.778,00","400,00",3178.0,3.0,1,2,,
Centro,Apartamento,https://www.cardinali.com.br/alugar/Sao-Carlos/Apartamento/Padrao/Centro/63781,"3.472,50","2.778,00",,2778.0,3.0,1,1,,
Jardim Paraiso,Apartamento,https://www.cardinali.com.br/alugar/Sao-Carlos/Apartamento/Padrao/Jardim-Paraiso/62758,"2.292,50","1.834,00","250,00",2134.0,1.0,1,1,"50,00",
Jardim Bandeirantes,Apartamento,https://www.cardinali.com.br/comprar/Sao-Carlos/Apartamento/Padrao/Jardim-Bandeirantes/61396,"1.736,25","1.389,00","263,00",1652.0,2.0,1,1,,
Parque Arnold Schimidt,Apartamento,https://www.cardinali.com.br/alugar/Sao-Carlos/Apartamento/Padrao/Parque-Arnold-Schimidt/61171,"3.125,00","2.500,00","530,00",3140.0,2.0,1,1,"110,00",
Cidade Jardim,Apartamento,https://www.cardinali.com.br/comprar/Sao-Carlos/Apartamento/Padrao/Cidade-Jardim/60976,"1.806,25","1.445,00","450,00",1895.0,1.0,1,1,,
Parque Arnold Schimidt,Apartamento,https://www.cardinali.com.br/alugar/Sao-Carlos/Apartamento/Padrao/Parque-Arnold-Schimidt/60217,"4.750,00","3.800,00",,3800.0,2.0,1,2,,
Parque Arnold Schimidt,Casa,https://www.cardinali.com.br/alugar/Sao-Carlos/Casa/Padrao/Parque-Arnold-Schimidt/60058,"8.333,75","6.667,00",,6867.0,3.0,2,2,"200,00",
Vila Marina,Apartamento,https://www.cardinali.com.br/alugar/Sao-Carlos/Apartamento/Kitchnet/Vila-Marina/59854,"1.250,00","1.000,00","130,00",1130.0,1.0,1,,,
Centro,Casa,https://www.cardinali.com.br/alugar/Sao-Carlos/Casa/Padrao/Centro/59332,"2.950,00","2.360,00",,2462.46,3.0,1,2,"102,46",
Centro,Casa,https://www.cardinali.com.br/alugar/Sao-Carlos/Casa/Padrao/Centro/59116,"2.437,50","1.950,00",,1972.0,2.0,1,1,"22,00",
Centro,Casa,https://www.cardinali.com.br/alugar/Sao-Carlos/Casa/Padrao/Centro/59011,"5.417,50","4.334,00",,4577.55,1.0,1,,"243,55",
Jardim Hikare,Casa,https://www.cardinali.com.br/alugar/Sao-Carlos/Casa/Padrao/Jardim-Hikare/58858,"1.390,00","1.112,00",,1152.0,2.0,1,1,"40,00",
Jardim Paraiso,Apartamento,https://www.cardinali.com.br/alugar/Sao-Carlos/Apartamento/Kitchnet/Jardim-Paraiso/58744,"1.087,50","870,00",,924.34,1.0,1,,"54,34",
Jardim Paraiso,Apartamento,https://www.cardinali.com.br/alugar/Sao-Carlos/Apartamento/Padrao/Jardim-Paraiso/58711,"1.250,00","1.000,00",,1053.35,1.0,1,,"53,35",
Jardim Alvorada,Apartamento,https://www.cardinali.com.br/alugar/Sao-Carlos/Apartamento/Padrao/Jardim-Alvorada/57532,"2.137,86","1.710,29","330,00",2134.89,3.0,1,,"94,60",
Cidade Jardim,Apartamento,https://www.cardinali.com.br/comprar/Sao-Carlos/Apartamento/Padrao/Cidade-Jardim/56968,"2.012,50","1.610,00","330,00",1995.0,2.0,1,1,"55,00",
Jardim Paraiso,Apartamento,https://www.cardinali.com.br/alugar/Sao-Carlos/Apartamento/Padrao/Jardim-Paraiso/56506,"3.500,00","2.800,00","428,00",3312.76,2.0,1,1,"84,76",
Jardim Paraiso,Apartamento,https://www.cardinali.com.br/alugar/Sao-Carlos/Apartamento/Padrao/Jardim-Paraiso/56491,"3.125,00","2.500,00","428,40",3013.16,2.0,1,1,"84,76",
Parque Arnold Schimidt,Apartamento,https://www.cardinali.com.br/alugar/Sao-Carlos/Apartamento/Padrao/Parque-Arnold-Schimidt/55837,"3.125,00","2.500,00","504,08",3120.27,2.0,1,1,"116,19",
Jardim Paraiso,Apartamento,https://www.cardinali.com.br/alugar/Sao-Carlos/Apartamento/Padrao/Jardim-Paraiso/54877,"2.250,00","1.800,00","220,07",2081.55,2.0,1,1,"61,48",
Jardim Paraiso,Apartamento,https://www.cardinali.com.br/alugar/Sao-Carlos/Apartamento/Padrao/Jardim-Paraiso/54721,"1.875,00","1.500,00","328,73",1892.34,2.0,1,1,"63,61",
Centro,Casa,https://www.cardinali.com.br/alugar/Sao-Carlos/Casa/Padrao/Centro/54622,"3.472,50","2.778,00",,2878.0,4.0,2,,"100,00",
Centro,Casa,https://www.cardinali.com.br/comprar/Sao-Carlos/Casa/Padrao/Centro/54454,"5.000,00","4.000,00",,4098.86,3.0,1,,"98,86",
Centro,Casa,https://www.cardinali.com.br/alugar/Sao-Carlos/Casa/Padrao/Centro/54064,"1.875,00","1.500,00",,1550.0,2.0,1,,"50,00",
Jardim Macarengo,Casa,https://www.cardinali.com.br/alugar/Sao-Carlos/Casa/Padrao/Jardim-Macarengo/53737,"3.890,00","3.112,00",,3298.0,3.0,1,1,"186,00",
Jardim Paraiso,Apartamento,https://www.cardinali.com.br/comprar/Sao-Carlos/Apartamento/Padrao/Jardim-Paraiso/53587,"1.390,00","1.112,00","300,00",1436.0,1.0,1,,"24,00",
Centro,Casa,https://www.cardinali.com.br/comprar/Sao-Carlos/Casa/Padrao/Centro/53533,"2.062,50","1.650,00",,1679.68,2.0,1,,"29,68",
Parque Arnold Schimidt,Apartamento,https://www.cardinali.com.br/alugar/Sao-Carlos/Apartamento/Padrao/Parque-Arnold-Schimidt/53170,"1.400,00","1.120,00","185,00",1365.0,1.0,1,1,"60,00",
Vila Celina,Apartamento,https://www.cardinali.com.br/alugar/Sao-Carlos/Apartamento/Padrao/Vila-Celina/52906,"1.806,25","1.445,00","290,00",1818.0,2.0,1,1,"83,00",
Centro,Apartamento,https://www.cardinali.com.br/comprar/Sao-Carlos/Apartamento/Padrao/Centro/52876,"1.390,00","1.112,00","761,00",1931.0,2.0,1,1,"58,00",
Vila Celina,Apartamento,https://www.cardinali.com.br/alugar/Sao-Carlos/Apartamento/Padrao/Vila-Celina/52636,"4.375,00","3.500,00","290,00",3873.0,3.0,1,1,"83,00",
Jardim Macarengo,Apartamento,https://www.cardinali.com.br/alugar/Sao-Carlos/Apartamento/Padrao/Jardim-Macarengo/51892,"3.125,00","2.500,00","335,00",2929.6,2.0,1,1,"94,60",
Jardim Macarengo,Apartamento,https://www.cardinali.com.br/alugar/Sao-Carlos/Apartamento/Padrao/Jardim-Macarengo/51655,"2.222,50","1.778,00","380,00",2251.0,2.0,2,1,"93,00",
Cidade Jardim,Apartamento,https://www.cardinali.com.br/alugar/Sao-Carlos/Apartamento/Padrao/Cidade-Jardim/51592,"2.187,50","1.750,00","235,00",2029.0,2.0,1,1,"44,00",
Centro,Apartamento,https://www.cardinali.com.br/comprar/Sao-Carlos/Apartamento/Padrao/Centro/50242,"1.390,00","1.112,00","1.000,00",2222.0,3.0,2,1,"110,00",
Centro,Apartamento,https://www.cardinali.com.br/comprar/Sao-Carlos/Apartamento/Padrao/Centro/39163,"1.987,50","1.590,00","250,00",1875.0,1.0,1,,"35,00",
Vila Celina,Apartamento,https://www.cardinali.com.br/alugar/Sao-Carlos/Apartamento/Padrao/Vila-Celina/39019,"1.112,50","890,00",,937.9,1.0,1,,"47,90",
Parque Arnold Schimidt,Apartamento,https://www.cardinali.com.br/alugar/Sao-Carlos/Apartamento/Padrao/Parque-Arnold-Schimidt/38914,"1.737,50","1.390,00","328,00",1774.74,2.0,1,1,"56,74",
Centro,Apartamento,https://www.cardinali.com.br/comprar/Sao-Carlos/Apartamento/Padrao/Centro/38662,"2.222,50","1.778,00","535,10",2380.95,2.0,1,,"67,85",
Jardim Alvorada,Apartamento,https://www.cardinali.com.br/alugar/Sao-Carlos/Apartamento/Padrao/Jardim-Alvorada/38149,"1.806,25","1.445,00","260,00",1801.4,2.0,1,1,"96,40",
Centro,Casa,https://www.cardinali.com.br/comprar/Sao-Carlos/Casa/Padrao/Centro/37744,"5.556,25","4.445,00",,4691.35,2.0,1,1,"246,35",
Jardim Paraiso,Apartamento,https://www.cardinali.com.br/alugar/Sao-Carlos/Apartamento/Kitchnet/Jardim-Paraiso/37486,"837,50","670,00","100,00",770.0,1.0,1,,,
Jardim Alvorada,Apartamento,https://www.cardinali.com.br/comprar/Sao-Carlos/Apartamento/Padrao/Jardim-Alvorada/37168,"1.875,00","1.500,00","245,00",1837.55,2.0,1,1,"92,55",
Centro,Apartamento,https://www.cardinali.com.br/comprar/Sao-Carlos/Apartamento/Padrao/Centro/36781,"3.056,25","2.445,00","600,00",3165.0,3.0,1,2,"120,00",
Jardim Santa Paula,Apartamento,https://www.cardinali.com.br/comprar/Sao-Carlos/Apartamento/Flat-com-Condominio/Jardim-Santa-Paula/36748,"1.528,75","1.223,00","234,00",1517.0,1.0,1,1,"60,00",
Jardim Paraiso,Apartamento,https://www.cardinali.com.br/alugar/Sao-Carlos/Apartamento/Padrao/Jardim-Paraiso/36745,"1.806,25","1.445,00","270,00",1715.0,1.0,1,1,,
Vila Monteiro Gleba I,Apartamento,https://www.cardinali.com.br/alugar/Sao-Carlos/Apartamento/Padrao/Vila-Monteiro-Gleba-I/36445,"2.000,00","1.600,00","530,00",2237.0,2.0,1,2,"107,00",
Vila Monteiro Gleba I,Apartamento,https://www.cardinali.com.br/comprar/Sao-Carlos/Apartamento/Padrao/Vila-Monteiro-Gleba-I/36055,"3.056,25","2.445,00","2.000,00",4715.0,4.0,2,1,"270,00",
Centro,Apartamento,https://www.cardinali.com.br/alugar/Sao-Carlos/Apartamento/Padrao/Centro/35845,"3.333,75","2.667,00","920,00",3737.0,2.0,1,1,"150,00",
Jardim Alvorada,Apartamento,https://www.cardinali.com.br/alugar/Sao-Carlos/Apartamento/Padrao/Jardim-Alvorada/35659,"2.500,00","2.000,00","464,00",2464.0,2.0,1,1,,
Jardim Nova Santa Paula,Apartamento,https://www.cardinali.com.br/alugar/Sao-Carlos/Apartamento/Padrao/Jardim-Nova-Santa-Paula/35035,"1.400,00","1.120,00","286,00",1450.57,2.0,1,1,"44,57",
Centro,Casa,https://www.cardinali.com.br/comprar/Sao-Carlos/Casa/Padrao/Centro/34624,"5.625,00","4.500,00",,4522.99,3.0,3,,"22,99",
Vila Monteiro Gleba I,Casa,https://www.cardinali.com.br/comprar/Sao-Carlos/Casa/Padrao/Vila-Monteiro-Gleba-I/34618,"8.333,75","6.667,00",,6967.0,3.0,2,2,"300,00",
Jardim Paraiso,Apartamento,https://www.cardinali.com.br/alugar/Sao-Carlos/Apartamento/Padrao/Jardim-Paraiso/34156,"2.125,00","1.700,00","646,75",2346.75,2.0,1,,,
Jardim Macarengo,Casa,https://www.cardinali.com.br/comprar/Sao-Carlos/Casa/Padrao/Jardim-Macarengo/33508,"5.000,00","4.000,00",,4230.8,3.0,2,2,"230,80",
Jardim Paraiso,Apartamento,https://www.cardinali.com.br/comprar/Sao-Carlos/Apartamento/Padrao/Jardim-Paraiso/33097,"2.875,00","2.300,00","442,00",2812.0,2.0,1,1,"70,00",
Centro,Apartamento,https://www.cardinali.com.br/alugar/Sao-Carlos/Apartamento/Padrao/Centro/32137,"1.945,00","1.556,00","300,00",2006.0,3.0,1,1,"150,00",
Cidade Jardim,Apartamento,https://www.cardinali.com.br/alugar/Sao-Carlos/Apartamento/Padrao/Cidade-Jardim/31801,"2.312,50","1.850,00","215,00",2065.0,2.0,1,1,,
Centro,Casa,https://www.cardinali.com.br/comprar/Sao-Carlos/Casa/Padrao/Centro/31207,"7.500,00","6.000,00",,6000.0,3.0,2,,,
Parque Arnold Schimidt,Apartamento,https://www.cardinali.com.br/alugar/Sao-Carlos/Apartamento/Padrao/Parque-Arnold-Schimidt/30154,"2.083,75","1.667,00","443,00",2110.0,2.0,1,1,,
Jardim Paraiso,Apartamento,https://www.cardinali.com.br/alugar/Sao-Carlos/Apartamento/Padrao/Jardim-Paraiso/29929,"2.778,75","2.223,00","442,46",2783.62,2.0,1,1,"118,16",
Cidade Jardim,Apartamento,https://www.cardinali.com.br/comprar/Sao-Carlos/Apartamento/Padrao/Cidade-Jardim/29632,"1.875,00","1.500,00","440,00",1940.0,1.0,1,1,,
Cidade Jardim,Casa,https://www.cardinali.com.br/alugar/Sao-Carlos/Casa/Padrao/Cidade-Jardim/28450,"2.500,00","2.000,00",,2000.0,2.0,1,2,,
Centro,Apartamento,https://www.cardinali.com.br/alugar/Sao-Carlos/Apartamento/Padrao/Centro/28318,"2.500,00","2.000,00","290,00",2340.0,1.0,1,1,"50,00",
Jardim Macarengo,Apartamento,https://www.cardinali.com.br/alugar/Sao-Carlos/Apartamento/Padrao/Jardim-Macarengo/28090,"1.667,50","1.334,00","194,00",1573.0,1.0,1,1,"45,00",
Vila Monteiro Gleba I,Casa,https://www.cardinali.com.br/alugar/Sao-Carlos/Casa/Padrao/Vila-Monteiro-Gleba-I/27979,"2.361,25","1.889,00",,1953.0,3.0,1,,"64,00",
Jardim Bandeirantes,Apartamento,https://www.cardinali.com.br/alugar/Sao-Carlos/Apartamento/Padrao/Jardim-Bandeirantes/25837,"1.625,00","1.300,00","80,00",1380.0,2.0,1,,,
Centro,Apartamento,https://www.cardinali.com.br/comprar/Sao-Carlos/Apartamento/Padrao/Centro/25615,"2.125,00","1.700,00","1.121,00",2924.0,3.0,1,1,"103,00",
Jardim Bethania,Apartamento,https://www.cardinali.com.br/alugar/Sao-Carlos/Apartamento/Padrao/Jardim-Bethania/25597,"2.375,00","1.900,00","350,00",2325.0,2.0,1,1,"75,00",
Cidade Jardim,Apartamento,https://www.cardinali.com.br/alugar/Sao-Carlos/Apartamento/Padrao/Cidade-Jardim/25480,"2.437,50","1.950,00","520,00",2558.56,2.0,1,,"88,56",
Jardim Bandeirantes,Casa,https://www.cardinali.com.br/alugar/Sao-Carlos/Casa/Padrao/Jardim-Bandeirantes/22657,"2.778,75","2.223,00",,2223.0,3.0,1,2,,
Centro,Apartamento,https://www.cardinali.com.br/comprar/Sao-Carlos/Apartamento/Padrao/Centro/21922,"2.750,00","2.200,00","600,00",2848.15,3.0,2,1,"48,15",
Jardim Lutfalla,Apartamento,https://www.cardinali.com.br/comprar/Sao-Carlos/Apartamento/Padrao/Jardim-Lutfalla/20587,"1.223,00",,"207,00",1481.57,1.0,1,1,"51,57",
Centro,Apartamento,https://www.cardinali.com.br/comprar/Sao-Carlos/Apartamento/Padrao/Centro/20581,"2.375,00","1.900,00","940,00",2948.96,3.0,1,1,"108,96",
Jardim Paraiso,Apartamento,https://www.cardinali.com.br/alugar/Sao-Carlos/Apartamento/Padrao/Jardim-Paraiso/20467,"2.640,00","2.112,00","500,00",2737.0,1.0,2,1,"125,00",
Jardim Paraiso,Casa,https://www.cardinali.com.br/alugar/Sao-Carlos/Casa/Padrao/Jardim-Paraiso/20191,"8.750,00","7.000,00",,7150.0,3.0,2,4,"150,00",
Centro,Casa,https://www.cardinali.com.br/comprar/Sao-Carlos/Casa/Padrao/Centro/18829,"2.625,00","2.100,00",,2214.17,2.0,1,1,"114,17",
Centro,Casa,https://www.cardinali.com.br/alugar/Sao-Carlos/Casa/Padrao/Centro/14350,"4.167,50","3.334,00",,3334.0,1.0,1,20,,
Jardim Jockei Club A,Casa,https://www.cardinali.com.br/comprar/Sao-Carlos/Casa/Padrao/Jardim-Jockei-Club-A/12400,"2.778,75","2.223,00",,2223.0,3.0,1,,,
Parque Arnold Schimidt,Apartamento,https://www.cardinali.com.br/alugar/Sao-Carlos/Apartamento/Padrao/Parque-Arnold-Schimidt/9553,"1.806,25","1.445,00","292,70",1757.7,1.0,1,1,"20,00",
Jardim Jockei Club A,Apartamento,https://www.cardinali.com.br/comprar/Sao-Carlos/Apartamento/Padrao/Jardim-Jockei-Club-A/8020,"2.068,75","1.655,00","335,00",2029.22,3.0,1,1,"39,22",
Centro,Casa,https://www.cardinali.com.br/alugar/Sao-Carlos/Casa/Padrao/Centro/7084,"4.167,50","3.334,00",,3394.0,2.0,3,1,"60,00",
Centro,Apartamento,https://www.cardinali.com.br/comprar/Sao-Carlos/Apartamento/Padrao/Centro/6709,"2.361,25","1.889,00","1.638,00",3885.0,3.0,1,1,"358,00",
Parque Arnold Schimidt,Apartamento,https://www.cardinali.com.br/alugar/Sao-Carlos/Apartamento/Padrao/Parque-Arnold-Schimidt/5884,"2.361,25","1.889,00","420,00",2380.0,2.0,2,1,"71,00",
Parque Santa Monica,Casa,https://www.cardinali.com.br/alugar/Sao-Carlos/Casa/Padrao/Parque-Santa-Monica/4885,"7.500,00","6.000,00",,6420.0,5.0,2,3,"420,00",4
Centro,Apartamento,https://www.cardinali.com.br/comprar/Sao-Carlos/Apartamento/Padrao/Centro/2440,"3.393,13","2.714,50","1.683,48",4594.99,3.0,1,2,"197,01",
Centro,Casa,https://www.cardinali.com.br/comprar/Sao-Carlos/Casa/Padrao/Centro/2269,"6.250,00","5.000,00",,5137.93,4.0,3,1,"137,93",
Centro,Casa,https://www.cardinali.com.br/alugar/Sao-Carlos/Casa/Padrao/Centro/1369,"5.556,25","4.445,00",,4634.52,3.0,1,,"189,52",
Centro,Apartamento,https://www.cardinali.com.br/alugar/Sao-Carlos/Apartamento/Padrao/Centro/1264,"1.806,25","1.445,00","930,00",2495.0,2.0,1,1,"120,00",
Centro,Apartamento,https://www.cardinali.com.br/alugar/Sao-Carlos/Apartamento/Padrao/Centro/631,"2.083,75","1.667,00","635,00",2402.0,2.0,1,1,"100,00",
Jardim Alvorada,Apartamento,https://www.cardinali.com.br/comprar/Sao-Carlos/Apartamento/Padrao/Jardim-Alvorada/115,"2.750,00","2.200,00","450,00",2810.0,2.0,1,2,"160,00",
